id_banco,nombre,apellido,dni,fecha_nacimiento,fecha_ingreso,fecha_baja,sucursal_banco,cuenta_banco,agremiado
2,Benedict,Fausch,33460182,1975-06-08,2012-12-03,NULL,0,13899681,1
2,Lucretia,Schafer,24709373,1998-01-24,2023-08-27,NULL,1,66935531,1
2,Sergei,Ruddiforth,23739322,1992-09-09,2005-04-26,NULL,27,10514781,1
2,Daisy,Blincko,22137830,1993-03-28,2015-10-09,NULL,27,31481805,0
1,Jedidiah,Rampage,26824575,1987-05-12,2001-11-18,NULL,27,34715381,1
1,Arny,Bewlie,27625008,1998-12-18,2011-03-19,NULL,99,52904540,1
2,Albert,Lawlance,23002029,1997-03-02,2000-02-03,NULL,27,10717447,0
1,Thedric,Gudge,33474554,1992-08-28,2003-07-12,NULL,0,34954419,1
1,Nappie,Shears,36721503,1981-10-10,2016-12-25,NULL,99,89691958,0
1,Karel,Darnborough,31215767,1992-10-12,2019-04-24,NULL,99,63309963,0
2,Winnie,Westoll,38118885,1999-09-29,2006-10-14,NULL,99,35956705,0
1,Thorpe,Pinsent,25751413,1976-12-29,2011-12-16,NULL,27,87801271,1
1,Andie,Skein,40068864,1975-09-17,2009-12-21,NULL,1,62606139,0
2,Aline,Cocklie,27576407,1999-06-06,2007-09-27,NULL,0,12620494,0
1,Brion,Lockery,24722142,1987-12-10,2024-06-13,NULL,27,34842396,0
2,Lindy,Fishpoole,36382851,1990-05-10,2022-04-06,NULL,0,19825932,1
1,Carie,St Louis,29503608,1984-03-11,2007-10-19,NULL,27,82862944,1
1,Iorgo,Lineham,31453511,1978-09-12,2024-07-10,NULL,27,96532407,0
2,Cory,Skeates,22052810,1976-02-18,2004-08-04,NULL,99,55896596,0
1,Adriano,Duinbleton,30472576,1981-04-20,2016-06-03,NULL,0,95350078,0
2,Belvia,Lars,33663793,1991-10-09,2023-02-09,NULL,0,36425389,0
1,Josephine,Mesias,22665611,1979-04-04,2010-10-06,NULL,1,56390056,1
1,Rene,Lafflina,30914227,1980-07-26,2007-10-28,NULL,0,78000440,0
2,Wayne,Preddy,35217322,1996-03-23,2020-04-18,NULL,0,43784178,1
1,Oralie,Peever,39607735,1980-03-07,2023-08-25,NULL,27,96810181,0
2,Brant,Ceeley,22720067,1994-06-25,2017-07-23,NULL,1,71737437,1
2,Lynda,Dibb,28295397,1980-11-12,2019-05-22,NULL,1,88982737,0
2,Shanon,McKimm,40915130,1991-01-31,2003-09-18,NULL,0,21855819,1
2,Timmie,Tregent,34266807,1990-05-20,2014-02-17,NULL,99,85695889,1
1,Debor,Satchel,23330095,1994-08-04,2002-11-09,NULL,99,34613513,1
1,Elna,Streetfield,37570206,1995-11-10,2024-04-28,NULL,0,94554504,1
2,Wendy,Ashborne,32266689,1988-08-14,2001-04-23,NULL,99,39964761,0
2,Tammy,Northidge,30702687,1986-10-11,2012-07-11,NULL,27,66862584,0
1,Morrie,Mault,28873568,1980-10-10,2020-01-06,NULL,0,41479738,1
2,Vale,Jedrychowski,24282450,1986-06-17,2003-11-04,NULL,99,17063868,0
1,Khalil,Aberkirdo,23374103,1987-04-08,2015-03-30,NULL,27,18669333,0
2,Celine,Couroy,34914869,1977-04-21,2003-01-05,NULL,27,89926897,0
1,Perl,Sparrowhawk,40577755,1986-10-22,2005-07-28,NULL,99,89737095,1
1,Paola,Eastman,32185869,1984-01-15,2011-11-28,NULL,0,39155317,0
2,Gregorio,Oates,31475947,1983-09-15,2021-03-02,NULL,0,39158936,1
1,Adora,Champkin,22437165,1995-05-29,2022-06-20,NULL,0,82569342,1
1,Jessy,Heindle,25991953,1987-05-18,2012-09-01,NULL,27,63913596,0
1,Louise,Spawell,40217723,1997-06-29,2012-03-07,NULL,27,90251943,0
1,Alikee,Cowpe,29112409,1990-11-17,2012-06-14,NULL,0,45846675,1
1,Rozalin,Latour,31876034,1981-09-19,2017-10-24,NULL,1,20203683,1
1,Isa,Hamill,31847986,1981-09-02,2009-07-05,NULL,27,24954976,1
2,Terry,Gratrix,29462840,1978-05-26,2009-04-19,NULL,99,62522788,1
2,Levi,Cleaveland,33839808,1977-11-23,2008-12-29,NULL,0,27905199,0
2,Myrle,Knevett,34151955,1979-09-16,2010-05-20,NULL,27,51773139,1
1,Sarajane,Deackes,27461990,1977-04-17,2004-10-25,NULL,1,27037045,0
2,Annora,Maber,22825115,1986-12-28,2004-07-19,NULL,1,95900232,0
1,Charmian,Bente,26930583,1982-08-03,2011-06-05,NULL,1,28210925,0
1,Tine,Littley,25908652,1985-01-23,2011-08-23,NULL,99,95134554,0
2,Clarisse,Willard,40633207,1986-07-02,2013-06-16,NULL,27,11271204,0
1,Rachele,Meadowcraft,22382132,1996-02-25,2004-08-02,NULL,1,14154237,0
1,Clayton,Johnke,37724644,1993-05-15,2004-11-25,NULL,99,55130559,0
1,Garey,Wooddisse,28952577,1991-09-16,2022-09-22,NULL,99,14539595,0
1,Cari,Bleiman,33463517,1979-02-23,2012-10-17,NULL,0,84050596,1
2,Stuart,Endon,24262925,1987-09-28,2020-08-17,NULL,0,12535450,1
2,Carr,Guisot,31739629,1989-05-19,2014-07-29,NULL,1,90715203,0
2,Roland,Lautie,23432390,1981-11-14,2001-08-09,NULL,1,89724388,0
1,Solomon,Duck,22901230,1988-04-23,2018-04-29,NULL,99,52340246,1
2,Gasper,Landrean,22756272,1983-10-06,2000-03-12,NULL,1,13951926,0
2,Lynne,Pye,33042181,1992-09-19,2015-01-08,NULL,0,93035607,1
1,Rosemaria,Newling,29678838,1976-05-18,2019-11-15,NULL,1,64350916,0
1,Karolina,Heynen,40368823,1993-07-31,2017-01-17,NULL,99,65763558,1
2,Dorita,Howes,37904318,1990-06-20,2005-11-01,NULL,1,38394839,1
1,Kayle,Blackway,27663275,1990-03-11,2024-04-01,NULL,27,21106121,0
2,Peria,Hantusch,37227555,1983-05-12,2015-03-02,NULL,0,41001945,0
2,Andromache,Grisewood,28178971,1997-09-01,2002-05-12,NULL,0,93939760,1
1,Jenine,Sutlieff,38423847,1993-11-03,2005-12-07,NULL,0,42806814,1
2,Tommi,Cruise,22694986,1978-05-11,2000-01-31,NULL,27,29157313,1
2,Deck,O'Henecan,25174315,1986-10-30,2023-07-08,NULL,1,36939934,0
1,Jarid,Grandham,31629538,1988-02-03,2009-07-30,NULL,1,65745231,0
2,Gipsy,Cuschieri,26509354,1977-05-13,2007-10-05,NULL,27,84655365,0
2,Ginger,Tzuker,30552028,1995-05-01,2022-08-23,NULL,0,59870730,0
1,Rochette,Lademann,27763552,1992-09-03,2002-06-30,NULL,0,45695502,0
1,Rayner,Radloff,33635726,1981-10-15,2022-06-16,NULL,0,29665574,1
2,Godart,Walkling,40935590,1998-02-01,2013-04-11,NULL,0,90852256,0
2,Gipsy,Scoggins,32504809,1999-09-06,2021-09-14,NULL,0,10036869,0
1,Laurianne,Joselovitch,22305447,1992-05-09,2010-03-11,NULL,1,69233766,1
2,Caitrin,Caro,30493564,1984-09-13,2013-10-18,NULL,99,69177501,0
2,Shelly,Wickens,37888661,1993-06-11,2001-11-30,NULL,0,83893645,1
1,Lukas,Skipp,34646462,1988-02-12,2011-06-09,NULL,27,19764624,0
2,Fallon,Skillington,35161356,1991-07-27,2000-09-02,NULL,99,81778815,0
2,Marvin,Cauldwell,24283041,1990-11-01,2020-05-15,NULL,1,95997586,1
1,Carie,Keep,22281320,1984-08-07,2019-09-18,NULL,0,74814100,1
1,Austin,Bril,29959159,1999-06-20,2019-07-15,NULL,99,21312635,1
1,Terrel,Crosier,27824556,1977-01-08,2013-06-04,NULL,0,40209760,0
1,Worthy,Worpole,37565698,1990-11-19,2009-01-21,NULL,99,87614549,1
2,Aprilette,Aspinal,25440632,1988-02-18,2016-01-08,NULL,0,86973752,0
2,Rhodie,Verney,40161211,1994-04-30,2024-07-09,NULL,0,41900664,0
1,Erica,Nesbeth,38456843,1975-10-03,2024-03-02,NULL,1,87860942,0
2,Lorry,Dunphie,34121055,1998-10-05,2020-11-15,NULL,1,81671447,0
2,Katya,Rosenstein,34302334,1978-06-05,2006-04-26,NULL,1,44846340,1
1,Bond,Di Biagio,39832322,1989-11-17,2004-11-22,NULL,99,66137571,1
2,Magdalene,Trenholme,34863694,1981-10-27,2005-11-16,NULL,99,15928206,1
1,Gardie,Simioni,36586438,1992-06-29,2015-11-29,NULL,0,77049379,1
2,Rochella,Sivell,28847101,1998-06-10,2005-09-13,NULL,27,27817975,1
2,Morgun,Ericsson,34750213,1992-11-22,2002-01-07,NULL,1,59277945,1
2,Selinda,Imos,34087719,1977-10-24,2001-06-08,NULL,99,94490600,0
2,Ardelia,Stoodale,38661333,1995-07-09,2009-08-30,NULL,0,10720585,0
2,Standford,Como,35852628,1993-03-21,2002-12-24,NULL,27,55287877,1
2,Malinda,Mancer,25329331,1985-01-29,2017-04-08,NULL,99,95488405,0
2,Locke,Howel,30057864,1994-01-27,2019-02-25,NULL,99,35614572,0
1,Allys,Jotcham,38183062,1977-11-20,2012-10-04,NULL,99,45907801,1
1,Esther,Stowell,37533598,1987-07-31,2003-09-24,NULL,1,51370756,1
2,Fin,Pletts,29491727,1978-05-28,2004-08-14,NULL,1,11846001,0
2,Yul,Snoday,29532755,1987-03-13,2013-08-18,NULL,0,91562864,0
1,Jerad,Thorrold,37514513,1984-04-30,2004-08-14,NULL,27,24328832,1
2,Page,Kelly,37602097,1977-11-02,2021-02-08,NULL,99,33810234,0
2,Lurette,Cardus,25120753,1994-08-09,2021-03-22,NULL,1,85798162,0
1,Lazare,Bramont,30326121,1984-04-12,2008-01-31,NULL,0,71723926,1
2,Sallyann,Eaglesham,22944338,1997-08-20,2012-09-06,NULL,27,43885419,0
1,Rog,Shann,23699937,1986-02-03,2001-11-20,NULL,99,92827947,1
2,Gertrud,Streets,35647699,1984-06-04,2012-04-28,NULL,1,58179284,0
2,Clare,Klebes,22183264,1989-10-25,2012-02-24,NULL,0,81842744,0
1,Bealle,Andreev,24574791,1997-07-10,2002-12-24,NULL,0,96261903,0
1,Sayre,Zarfat,22076986,1992-09-03,2018-10-28,NULL,0,68057449,0
2,Sammy,Simonetti,38463000,1994-04-18,2004-01-24,NULL,1,70131585,1
2,Amanda,Greenhead,22203034,1986-01-28,2009-09-26,NULL,0,81332980,0
2,Cooper,Hayle,32842057,1999-11-01,2021-06-22,NULL,0,79301363,1
2,Bendick,Wegman,34055474,1988-05-14,2020-09-29,NULL,27,28068221,0
1,Neile,Bartoloma,28380479,1985-02-14,2002-06-28,NULL,0,59319034,1
2,Keefe,Wallege,33545745,1980-12-24,2021-05-13,NULL,99,66278418,1
1,Guillermo,Farreil,35490691,1981-05-16,2018-06-10,NULL,0,36912809,1
2,Willie,Ciccetti,34087266,1995-09-15,2004-10-10,NULL,27,49402272,1
2,Krista,Blacklock,23112287,1985-03-22,2007-04-02,NULL,0,44640523,1
2,Brennan,Lethabridge,22485389,1978-02-09,2022-08-04,NULL,99,70169720,0
1,Ignaz,Scarbarrow,23337899,1978-03-21,2007-04-19,NULL,1,67917982,0
1,Nehemiah,Lowfill,36051767,1977-07-10,2019-03-14,NULL,27,61450015,1
1,Leonerd,Noton,29601990,1992-10-26,2017-01-23,NULL,1,29285683,0
2,Washington,Mac,40468980,1981-10-17,2015-02-02,NULL,27,12548098,0
2,Chalmers,Josh,24239305,1981-12-09,2001-03-10,NULL,27,30794834,0
1,Kelsey,Heditch,37699223,1983-02-23,2011-11-02,NULL,99,49569779,0
2,Reggie,Slowley,31036589,1989-07-10,2020-01-13,NULL,27,51639158,0
1,Cam,Madgewick,38513774,1982-01-09,2022-09-26,NULL,99,69645392,1
2,Golda,Colnett,33016017,1994-09-12,2005-04-25,NULL,99,91050390,0
2,Gilberte,Filipyev,37842101,1993-11-29,2004-05-06,NULL,1,81341688,0
2,Nancee,Herion,27037611,1983-11-16,2022-09-24,NULL,0,81119061,0
1,Franciska,Ambrosch,30224470,1980-10-23,2021-04-30,NULL,27,20185023,0
1,Correna,Vassie,28852759,1986-03-02,2007-10-02,NULL,0,18728238,1
1,Marjie,Heaseman,31173577,1990-01-21,2013-11-20,NULL,0,92837565,1
1,Leodora,Lotwich,25479381,1975-09-21,2012-01-31,NULL,27,50605957,1
1,Ciro,Manford,29689660,1997-03-14,2014-09-02,NULL,1,73744479,0
2,Jerrylee,Paton,40233197,1987-12-03,2002-08-07,NULL,0,19670555,1
2,Maggy,Boobier,40178959,1995-09-06,2021-01-19,NULL,1,86553749,1
2,Daisey,McCullagh,35757848,1982-10-11,2014-10-16,NULL,1,29923407,0
2,Myrna,Leitch,34501436,1988-11-12,2019-06-20,NULL,99,34220218,1
1,Estelle,Le Grove,26391588,1978-10-03,2007-12-17,NULL,27,95699430,1
2,Brigham,Yedall,33319786,1981-01-13,2008-04-08,NULL,0,35547131,0
1,Ryley,Ateridge,23155110,1997-08-24,2002-06-14,NULL,27,97594249,0
2,Muffin,Gasken,36604888,1996-10-02,2021-04-22,NULL,1,56448675,1
2,Bradney,Stops,24739792,1987-07-01,2002-01-24,NULL,0,99556345,1
1,Goldarina,Yurchenko,39035243,1981-06-08,2021-09-18,NULL,27,64516161,1
1,Warren,Tyrrell,25224495,1995-12-25,2009-11-05,NULL,1,39179391,0
2,Louis,McGauhy,30382457,1978-10-04,2016-07-02,NULL,0,97536665,1
1,Alastair,Ales,37279047,1980-12-24,2018-12-30,NULL,0,68699846,0
2,Bentley,Greenhough,37366104,1978-06-16,2012-03-25,NULL,27,67136034,1
2,Rudie,Orchart,34283588,1979-08-31,2005-05-06,NULL,27,56949675,1
1,Earle,Kingswold,36038715,1978-02-05,2010-12-12,NULL,27,83310847,1
2,Tremayne,Downes,28507792,1980-01-17,2015-04-05,NULL,1,95906900,1
1,Elmore,Challin,34894006,1992-05-27,2022-11-11,NULL,1,14888969,1
1,Noe,Pawlata,38212448,1989-01-14,2009-04-24,NULL,99,87155899,1
2,Donalt,Campaigne,28111921,1987-11-04,2009-12-26,NULL,99,26624194,1
1,Orland,Pietrowicz,28783533,1996-01-01,2021-10-01,NULL,27,90096027,1
1,Guilbert,Frichley,31078984,1975-11-21,2014-01-05,NULL,27,93342430,0
1,Skippy,Halson,30688679,1979-12-30,2001-11-05,NULL,99,13563647,1
1,Karoly,Crosser,27045773,1988-12-05,2001-06-27,NULL,99,68104730,1
1,Maurita,Antonetti,38370465,1993-10-21,2017-07-22,NULL,27,10154628,0
1,Patrice,Maiklem,33656204,1993-10-28,2003-02-11,NULL,27,76969099,0
1,Inger,Wesley,23973197,1993-08-06,2021-12-05,NULL,1,27564264,1
1,Hussein,Limbourne,26330283,1982-01-14,2001-06-04,NULL,0,23055966,1
1,Lindsey,Ackeroyd,32620529,1990-10-27,2018-03-15,NULL,1,19465864,1
2,Tiffi,Harsnep,34302407,1976-05-18,2014-07-13,NULL,0,14761675,1
2,Conrad,Chalmers,36281381,1989-01-20,2004-05-18,NULL,99,82560282,0
1,Hillary,Faull,34290611,1987-06-29,2008-12-17,NULL,99,27483176,0
2,Birdie,MacElholm,32153184,1978-07-24,2010-11-01,NULL,27,11986037,1
2,Tannie,Tanswill,31068980,1976-03-13,2013-10-08,NULL,0,16602772,0
2,Trey,Quinney,22717732,1982-10-11,2002-01-01,NULL,99,41224719,1
2,Oneida,Philpin,32615590,1996-10-24,2002-07-12,NULL,1,67066147,0
1,Farlee,Rameaux,24820410,1985-02-17,2015-08-27,NULL,27,24309468,0
1,Brittaney,Codrington,30566350,1976-08-25,2016-07-11,NULL,1,45246785,0
2,Lexine,Kruse,25787665,1995-06-25,2012-09-15,NULL,1,43064557,1
2,Roarke,Maty,34891146,1992-10-07,2006-03-12,NULL,0,15315303,0
2,Benson,Lorincz,38341152,1979-12-18,2006-12-29,NULL,27,19390471,1
2,Cecelia,Ruckert,29948463,1996-05-03,2000-10-02,NULL,1,96890527,1
2,Tanner,Innett,23478937,1987-12-11,2020-08-23,NULL,27,55934609,1
1,Cassondra,Cromly,30957832,1992-05-16,2024-03-18,NULL,0,68684506,0
1,Arabella,Vermer,33043430,1984-03-31,2019-05-10,NULL,27,99315622,0
1,Merv,Conry,32439018,1982-08-15,2017-08-19,NULL,0,39808188,0
2,Dagny,Swansborough,27984448,1975-05-03,2018-05-23,NULL,1,77787529,1
2,Bartholomeus,Simoneschi,37800913,1975-05-04,2000-06-04,NULL,27,67866413,1
2,Cordy,Bridgland,37505608,1987-02-02,2010-07-06,NULL,0,61218715,1
2,Erica,Larsen,38351180,1989-07-15,2023-02-15,NULL,27,87296386,0
1,Sheff,Szreter,23993967,1984-09-11,2019-05-13,NULL,0,64773927,1
2,Alva,Strugnell,23245464,1990-03-05,2003-09-19,NULL,99,20165606,0
2,Chrisy,Clemetts,31505539,1991-02-02,2007-06-25,NULL,99,58725640,1
2,Wilton,Emlyn,37183816,1988-03-13,2017-04-30,NULL,1,28302490,0
1,Idell,Crusham,22739120,1983-03-16,2003-04-30,NULL,1,65252844,1
2,Ginnie,Annatt,35448681,1991-10-22,2021-09-03,NULL,27,90879975,0
1,Tuck,Hembrow,39244418,1996-01-10,2010-06-06,NULL,99,85344284,0
2,Garret,Lombardo,27564099,1985-09-12,2023-06-19,NULL,99,72234216,1
1,Harmony,Perrottet,36712708,1998-12-12,2012-12-20,NULL,27,68946160,0
1,Maxim,Adacot,29609590,1980-01-27,2011-05-10,NULL,99,21504223,0
2,Gennifer,Esilmon,38792230,1975-07-21,2005-04-09,NULL,1,48248545,1
2,Ebonee,Hubbold,36262477,1979-12-21,2022-06-23,NULL,99,88937084,1
2,Olympie,Houldcroft,37355999,1990-07-15,2013-04-05,NULL,0,94686574,0
2,Devon,Gready,24707276,1997-05-11,2015-10-09,NULL,27,55382503,0
1,Chanda,Falls,40115467,1989-06-18,2019-09-21,NULL,99,45874716,1
2,Leanna,Townby,24417453,1979-02-16,2012-09-09,NULL,0,61197447,1
2,Eleonora,Rolingson,40844260,1979-09-12,2003-11-07,NULL,27,92145299,1
2,Gallard,Swateridge,31977478,1998-04-04,2020-07-31,NULL,99,15757792,0
2,Jenilee,Calcott,36135868,1977-04-25,2002-11-04,NULL,99,90953276,0
1,Elna,Benardet,35244283,1997-08-22,2018-07-21,NULL,27,36521654,1
1,Godfrey,Gales,29837429,1999-05-28,2000-08-20,NULL,27,57027665,1
2,Gardener,Hallawell,28181137,1995-09-23,2003-03-17,NULL,0,95602484,0
1,Dorie,Lipscomb,38715407,1993-10-16,2013-10-08,NULL,99,88192518,0
1,Joshuah,Southern,32797556,1989-04-10,2012-12-25,NULL,27,18709762,1
2,Hertha,Fittall,23351043,1975-09-25,2017-04-05,NULL,0,43847599,1
1,Tabbitha,Tran,33732112,1999-06-24,2003-07-29,NULL,0,90535527,0
1,Rochell,Mingaye,27746788,1978-09-19,2001-11-15,NULL,1,95126704,0
1,Aubrey,Findlay,40106686,1978-12-14,2014-06-06,NULL,1,45297887,0
2,Arabelle,Ruddlesden,40424679,1999-12-03,2006-03-12,NULL,27,13757777,1
1,Nicola,Allchorne,37994894,1979-02-24,2021-02-02,NULL,1,39729571,1
1,Tyrus,Kos,34751217,1988-07-22,2005-11-02,NULL,1,52897653,0
2,Benjamen,Macknish,32985676,1988-12-07,2021-01-13,NULL,0,46831933,1
2,Christiano,Wickstead,31348958,1987-01-10,2003-06-24,NULL,0,97091580,0
1,Alva,Wiszniewski,40094642,1994-07-02,2012-11-05,NULL,27,65893818,1
2,Juana,Hargie,29124747,1993-02-13,2015-03-23,NULL,0,34067803,0
2,Dacie,Lardier,24757496,1991-09-07,2001-11-05,NULL,27,92996037,0
1,Scott,Amori,37437953,1995-06-27,2007-05-09,NULL,99,93808443,0
1,Moina,Mattusov,37896024,1982-03-31,2011-03-10,NULL,1,18522768,0
1,Martica,Boon,24245254,1986-12-23,2013-03-10,NULL,1,28431847,1
1,Charleen,Whitelaw,23161348,1997-08-22,2017-11-25,NULL,1,46957549,1
1,Luciana,Moatt,30965015,1983-09-13,2007-01-10,NULL,99,85431615,0
1,Berkley,Whisby,36644925,1978-03-08,2002-05-13,NULL,27,99622382,0
2,Wynn,Broadwood,22559306,1979-08-27,2015-10-10,NULL,1,28760544,0
2,Neall,Adhams,23147290,1981-01-07,2002-07-30,NULL,27,54195229,0
1,Davida,Chattock,30514278,1983-06-27,2012-06-13,NULL,1,38555212,1
1,Beckie,Stopford,28536903,1990-01-19,2016-09-07,NULL,0,91801559,1
1,Rori,Helliar,34036709,1999-08-21,2013-06-15,NULL,27,18308853,1
2,Kaja,Nulty,25711084,1990-03-25,2012-02-05,NULL,99,49503895,1
2,Noel,Pretorius,40120305,1988-01-25,2022-05-27,NULL,27,10122874,0
2,Nissie,Goadsby,35190595,1996-07-25,2014-11-18,NULL,27,21908980,1
1,Darlene,Reddlesden,37752285,1991-11-05,2014-09-23,NULL,27,31884460,1
1,Carmelia,Saltrese,39290573,1983-02-25,2023-04-26,NULL,1,73208757,1
2,Illa,Hawkes,31628927,1999-12-19,2020-02-02,NULL,99,91158310,0
1,Forrest,Scholte,38393544,1976-04-02,2013-10-18,NULL,27,47135618,1
1,Davis,Franey,25987282,1997-02-07,2007-03-23,NULL,1,24731015,0
2,Diann,Corcut,24147907,1982-06-30,2020-09-06,NULL,0,58744428,0
1,Jameson,Stegel,25995872,1998-08-28,2013-05-29,NULL,1,37859492,0
1,Ailsun,Heyball,36589036,1992-03-11,2020-06-28,NULL,27,66127732,0
2,Efrem,Fryatt,23415538,1989-12-09,2017-03-05,NULL,99,87963618,0
1,Lurleen,Idill,36641391,1992-04-20,2019-03-30,NULL,1,13353572,0
2,Collette,Tefft,29217995,1983-08-12,2011-01-29,NULL,99,82833616,1
2,Evonne,Thaxter,38431159,1997-06-06,2024-04-03,NULL,0,40768977,0
2,Giustina,Lanceter,34889366,1998-12-18,2002-12-10,NULL,27,21690501,1
1,Carolee,Croson,27587961,1981-02-03,2011-01-30,NULL,1,56621772,1
1,Ted,Colling,27994758,1992-05-13,2007-03-11,NULL,0,89344483,0
2,Regen,Butson,37801103,1991-11-30,2023-05-15,NULL,1,40883197,1
2,Carolyne,Scatcher,23691404,1993-05-08,2002-09-25,NULL,0,78701677,0
2,Ricardo,Ryde,38479606,1975-11-24,2002-09-30,NULL,27,11822718,1
2,Papageno,Plesing,34288325,1984-09-27,2013-10-31,NULL,1,95075783,0
1,Dion,Keyson,32030825,1990-10-25,2008-01-19,NULL,1,28738260,1
2,Melessa,Shields,22393330,1984-01-10,2016-12-26,NULL,0,58309658,0
2,Mirella,Cauley,36833468,1976-09-12,2019-10-06,NULL,27,26019430,1
1,Rem,Scramage,23191182,1996-01-19,2005-06-07,NULL,27,23106673,0
2,Ozzy,Whyffen,28944842,1986-01-14,2018-06-10,NULL,1,25057340,0
2,Rickey,Attreed,24910295,1976-08-06,2021-10-09,NULL,99,74065638,0
2,Barbette,D'eathe,23391648,1991-11-26,2009-03-11,NULL,1,24099611,0
1,Adrea,Mathieson,39066916,1982-05-05,2009-04-20,NULL,1,50533506,1
1,Inger,Kleisel,24929294,1994-07-30,2020-09-25,NULL,1,93461514,1
2,Valera,Yegorkov,24767548,1994-03-05,2003-10-10,NULL,0,45813525,1
2,Jacklin,Top,24054926,1979-09-20,2024-06-09,NULL,99,94902393,1
1,Christian,Willgoose,30058695,1979-08-02,2011-05-02,NULL,0,80143075,0
2,Standford,Premble,22067589,1985-11-10,2022-04-12,NULL,27,69417539,1
1,Luther,Basten,29787848,1976-10-10,2000-11-22,NULL,1,24122447,1
2,Sandy,Godsafe,26137602,1986-01-18,2019-09-30,NULL,1,17575235,1
2,Rusty,Ginglell,23843889,1982-05-26,2016-09-09,NULL,27,61175802,1
2,Dene,Renton,27170129,1978-01-15,2019-12-09,NULL,0,72749223,1
1,Wade,Demko,22715021,1991-11-21,2005-08-01,NULL,0,73939117,1
2,Hendrika,Reisenstein,23117233,1996-03-07,2006-11-01,NULL,1,56642562,0
1,Othilie,Tripp,25211639,1980-01-17,2020-05-20,NULL,27,63369278,0
2,Pepi,Bartolijn,34280280,1980-03-14,2004-08-15,NULL,0,51975934,0
2,Violette,Lowthian,23475910,1977-01-12,2015-04-20,NULL,99,48565133,1
2,Birgit,Craw,33527560,1999-07-04,2017-03-03,NULL,1,39722040,1
2,Genevieve,Martinuzzi,39908550,1991-05-04,2017-10-30,NULL,99,43059238,1
2,Kacy,Litherborough,25607751,1982-06-30,2017-01-27,NULL,99,89134837,0
1,Clerc,Howler,27393662,1975-05-21,2012-05-25,NULL,0,18508528,0
2,Carmencita,Richter,30922821,1985-02-24,2010-11-16,NULL,99,74862171,1
2,Berrie,Sprake,31192813,1989-06-12,2004-05-03,NULL,99,42397696,0
2,Alexia,Lamb-shine,40091028,1985-11-18,2005-01-15,NULL,1,79971181,1
1,Dru,Risdall,33747377,1998-10-25,2011-01-06,NULL,27,80390043,0
1,Cordell,Long,23002664,1997-02-16,2012-12-18,NULL,0,77799043,1
2,Cad,Juckes,39600391,1986-06-16,2002-09-27,NULL,99,18956209,1
1,Gaby,Pund,38947348,1994-02-14,2020-07-15,NULL,27,13181112,1
1,Reade,Crielly,27037936,1984-08-23,2012-12-11,NULL,1,60331665,0
1,Tallie,Massimo,29887933,1977-06-19,2009-04-26,NULL,99,94907324,1
1,Cora,Gutierrez,34613184,1979-05-12,2008-07-24,NULL,1,33242626,0
1,Tally,Risso,40159954,1978-10-13,2018-11-06,NULL,0,61365109,1
2,Trevor,Masseo,22608027,1978-09-12,2002-10-25,NULL,0,11869214,0
1,Cheryl,Gilyatt,32127703,1998-08-30,2002-01-15,NULL,99,98161386,0
2,Moritz,Bywater,23244241,1986-03-13,2024-05-25,NULL,1,73938059,1
2,Janela,Mays,26795103,1997-03-24,2023-12-16,NULL,99,43463152,0
2,Golda,Archambault,34027740,1982-02-22,2000-05-04,NULL,27,47393320,1
1,Retha,Dulanty,25022585,1981-03-01,2014-04-24,NULL,0,68422894,1
2,Con,Akroyd,35787283,1987-04-16,2009-09-17,NULL,0,19724530,1
2,Stewart,Pimlock,37193025,1982-08-06,2017-07-10,NULL,27,62515523,0
1,Beale,Olohan,29550561,1986-06-26,2007-08-27,NULL,0,47456964,1
2,Skyler,Lamp,30125105,1979-10-11,2010-03-27,NULL,1,22498516,1
1,Marv,St. Paul,27912718,1993-06-04,2016-06-03,NULL,0,71477189,0
1,Ansley,Imore,31836407,1980-10-24,2010-01-18,NULL,1,75796367,0
2,Sonya,Neggrini,31349415,1977-04-08,2022-07-18,NULL,99,44638335,1
2,Lucilia,Ghilardi,23003524,1982-06-03,2003-01-06,NULL,0,90758563,1
1,Ilene,Currm,28664897,1979-02-15,2002-09-24,NULL,27,44138582,0
1,Dianemarie,Waadenburg,36962098,1989-07-09,2016-05-05,NULL,1,80437940,1
1,Nikolos,Egentan,32218251,1991-11-30,2014-03-10,NULL,1,30880100,1
1,Toddie,Olivet,34595209,1998-03-29,2020-11-20,NULL,99,25879623,0
2,Courtney,Solomon,40333553,1991-02-10,2022-05-07,NULL,99,23732603,1
2,Gilemette,Vallery,26037822,1976-03-22,2007-06-22,NULL,99,43723870,0
1,Callida,Enochsson,34851626,1982-07-19,2018-08-21,NULL,0,95826685,1
1,Helene,Celle,26318533,1983-03-09,2015-09-24,NULL,99,68404134,0
1,Justinn,Ander,27279601,1977-08-13,2006-07-02,NULL,1,44054989,1
2,Imojean,Matz,39016544,1990-11-29,2012-05-21,NULL,99,91546373,0
1,Nobie,Hew,22475667,1992-09-08,2001-07-22,NULL,99,27025146,1
1,Donaugh,Cupper,35683286,1985-06-16,2017-08-29,NULL,0,28024022,0
2,Matias,Viger,28391583,1983-11-10,2014-02-05,NULL,0,31662980,0
1,Berke,Rediers,35909752,1989-10-15,2019-09-01,NULL,0,75642710,1
2,Paco,Stutely,31164714,1976-06-29,2019-03-02,NULL,0,47994175,1
2,Fiann,Dalziell,28206670,1988-05-02,2021-09-03,NULL,27,83468955,1
2,Delilah,Cansfield,36562750,1997-09-19,2004-05-29,NULL,99,84745843,0
2,Guglielmo,Clout,36111974,1979-06-13,2011-06-17,NULL,27,93517776,1
1,Rafaelita,Annesley,33254468,1981-12-01,2006-11-14,NULL,27,57328060,0
2,Averell,Pettko,27436831,1983-12-09,2005-12-26,NULL,0,23280605,0
2,Felix,Kilius,39415003,1990-12-28,2005-06-22,NULL,0,57377855,0
2,Dari,Hargrove,32330607,1994-02-04,2009-10-22,NULL,99,74738135,0
2,Edan,Henighan,25566396,1985-11-23,2018-10-16,NULL,0,95779391,0
1,Pavia,Glass,24309903,1996-08-26,2000-09-13,NULL,1,53985229,0
1,Carmita,Treend,35981243,1982-12-11,2016-09-12,NULL,99,83814345,1
2,Kiley,Allnutt,40061204,1997-01-17,2010-08-30,NULL,1,79333070,0
1,Lanita,Rodden,34297110,1989-08-29,2023-06-01,NULL,0,73704233,1
1,Lindsay,Prine,26485471,1982-12-24,2018-10-21,NULL,27,20530446,0
2,Annette,Yurenev,22375098,1989-04-27,2024-04-20,NULL,0,20025772,0
1,Hardy,Wrates,28202817,1981-12-08,2021-12-29,NULL,0,60275997,0
2,Katerine,Collaton,22415742,1991-04-14,2023-06-05,NULL,27,22111692,0
2,Quintana,Summerrell,39897498,1993-10-20,2012-08-27,NULL,27,95437256,0
1,Lucretia,McCard,27176319,1986-06-26,2010-07-13,NULL,1,65690909,0
2,Harbert,Hornig,30460803,1977-09-02,2001-08-25,NULL,0,32204550,0
2,Avram,MacIllrick,27305263,1999-08-19,2017-12-26,NULL,0,70802046,0
1,Missy,Colbridge,36015547,1986-08-19,2020-12-12,NULL,27,40696562,0
1,Leanna,Rother,36945223,1983-07-29,2022-11-30,NULL,1,64177682,0
1,Xenia,Sharratt,35652676,1988-05-11,2010-08-02,NULL,0,95606913,1
1,Karisa,McDougal,29202800,1999-03-23,2004-12-01,NULL,27,32740374,1
1,Jarib,Solomonides,26367886,1986-09-03,2015-07-15,NULL,1,91190296,1
2,Ellette,Dresse,32462163,1982-03-15,2000-09-02,NULL,0,23651643,1
2,Kellby,Coare,25756039,1985-05-18,2012-09-20,NULL,0,58430977,1
2,Errick,Ottewill,32723193,1987-12-26,2020-03-06,NULL,99,61376878,1
1,Cole,Rothwell,39420166,1993-10-15,2013-02-15,NULL,1,88105863,0
1,Linnet,Branigan,35983442,1976-08-03,2004-04-10,NULL,27,89236825,1
1,Emalia,Spada,37710463,1981-02-20,2020-12-17,NULL,27,81671122,0
1,Irene,Iles,34903534,1990-01-29,2013-08-16,NULL,99,40123531,0
2,Whittaker,Haibel,36204138,1986-04-20,2016-09-20,NULL,27,22069845,0
2,Crystie,Dempster,27068570,1996-11-15,2002-05-28,NULL,99,31639585,0
2,Dana,Gentery,29123195,1993-04-08,2024-01-24,NULL,0,18103221,1
2,Tommi,Gajewski,28432106,1984-03-01,2000-04-30,NULL,1,84649172,0
2,Barrett,Beardmore,37428458,1987-02-13,2013-08-30,NULL,99,37159157,0
1,Indira,Gallen,32056092,1997-05-20,2018-10-25,NULL,27,58646910,1
1,Paquito,Lenox,34118923,1995-04-22,2019-02-24,NULL,99,54351324,1
1,Lorrie,Stockin,28060653,1975-02-11,2011-11-18,NULL,1,41768080,0
2,Timmy,Ayris,31580473,1999-07-04,2022-06-13,NULL,27,35163634,1
2,Leela,Abyss,29482382,1976-05-21,2003-07-19,NULL,1,72824249,1
1,Zedekiah,Massie,31708168,1991-08-27,2000-04-02,NULL,27,80619033,0
1,Clemens,Jumeau,38128839,1975-12-14,2014-07-31,NULL,27,54913828,0
2,Elroy,Chiommienti,34483978,1996-03-12,2008-04-12,NULL,1,13936974,1
2,Findley,Borris,25552349,1984-09-05,2024-09-25,NULL,27,73436296,1
1,Aleta,Oldknow,28108581,1999-09-21,2014-05-31,NULL,0,98011290,1
1,Marv,Coysh,22102516,1998-12-30,2000-03-17,NULL,0,36823651,0
1,Sheilakathryn,Pape,25674058,1983-07-24,2020-02-06,NULL,1,35790017,1
2,Adriena,Cram,28380822,1982-04-05,2022-04-20,NULL,99,57794893,0
2,Christal,Pinchen,28950449,1989-12-03,2016-07-12,NULL,99,25052303,1
1,Samuele,Yeell,31929893,1984-01-02,2007-03-25,NULL,1,73410371,1
1,Ingaberg,Postians,35164158,1993-06-08,2019-12-02,NULL,99,39999932,0
2,Mauricio,Lisle,37392811,1978-06-02,2017-09-18,NULL,0,94502036,1
1,Micheil,Radford,28510202,1975-04-24,2003-02-11,NULL,27,88973459,1
2,Gay,Izatson,27969460,1990-11-27,2003-08-11,NULL,0,33467314,1
2,Jamaal,Kenshole,35414932,1991-06-10,2000-01-25,NULL,27,66822813,1
2,Tremayne,Batrip,37573418,1979-12-13,2021-09-26,NULL,27,59205793,1
2,Carry,Sitch,24806741,1976-12-09,2009-09-17,NULL,0,67969731,1
2,Lela,Antony,32732388,1995-01-18,2022-07-21,NULL,27,78561914,1
1,Chane,Gritskov,33759286,1980-07-03,2022-05-27,NULL,27,95266990,0
1,Annie,Connachan,26594837,1975-06-01,2002-06-12,NULL,1,61698430,0
2,Harli,Jarry,24698915,1989-01-22,2014-08-11,NULL,1,45643384,0
1,Cybil,Olsson,25490674,1980-03-10,2011-03-19,NULL,27,10995102,1
1,Lucian,Kyffin,36333464,1999-07-09,2024-05-18,NULL,0,75878302,1
2,Chloette,Ghirardi,31912439,1994-09-08,2020-02-04,NULL,1,20767560,0
1,Donnie,Skakunas,26599112,1980-03-27,2017-01-19,NULL,0,44774823,0
1,Sterne,Epperson,37106939,1999-12-16,2010-09-13,NULL,0,12829063,0
1,Ange,Railton,26082962,1994-10-05,2013-02-27,NULL,27,81260202,0
2,Dennison,Wyrill,38809386,1978-01-23,2002-12-03,NULL,0,75123236,0
2,Woody,Perrinchief,29629985,1996-10-24,2022-08-16,NULL,99,58480720,0
1,Nanete,Sayes,34155031,1987-12-26,2006-04-09,NULL,1,29538526,0
2,Lorelle,Besse,37148254,1979-09-29,2001-04-06,NULL,1,27924770,0
2,Josiah,Yurin,36521263,1985-10-20,2022-07-14,NULL,99,16308390,1
2,Trudie,Carrell,26812259,1991-03-10,2011-04-22,NULL,0,68708342,1
2,Austine,Easterling,32727807,1997-02-05,2012-12-16,NULL,0,40658822,1
2,Hilliary,Simeons,26816143,1980-09-22,2012-02-18,NULL,0,97452782,1
1,Jacky,Scramage,25918792,1994-11-18,2014-03-16,NULL,99,44772162,0
2,Mark,Turrell,26783908,1990-11-10,2022-09-19,NULL,1,68106292,0
2,Noby,Sollom,32246261,1990-04-23,2008-08-26,NULL,99,66270689,0
2,Bennie,Kilcullen,22099276,1998-08-26,2020-01-21,NULL,0,25313693,1
2,Hobie,Backen,37776766,1998-01-20,2006-06-30,NULL,1,95132288,0
1,Danila,Leeming,36393881,1998-06-24,2006-08-31,NULL,0,18021621,1
2,Bonita,Morrell,32693446,1978-11-12,2007-09-05,NULL,0,24179790,1
1,Dieter,McManus,33948348,1996-04-01,2019-01-04,NULL,99,50741054,1
2,Koenraad,Beggan,28336337,1983-12-29,2021-02-09,NULL,0,27391829,1
1,Darla,Butland,33699768,1996-11-14,2012-06-08,NULL,0,93613420,1
1,Desiree,Madner,39249499,1988-10-09,2001-05-03,NULL,27,76687218,0
1,Raine,Marzelle,31411378,1995-11-05,2013-02-28,NULL,1,45155913,1
2,Barbi,Critchlow,30641345,1990-11-10,2013-09-29,NULL,0,77421086,0
2,Madel,Botham,27563406,1986-06-05,2004-09-15,NULL,27,86054491,0
2,Matthaeus,Sibbe,39244067,1993-08-22,2008-03-31,NULL,0,52451132,0
1,Corney,Bonin,31827804,1993-08-05,2013-03-29,NULL,99,41876719,1
1,Rodi,Cleaton,22621915,1984-02-11,2002-02-08,NULL,99,49024738,1
2,Mabelle,Heiss,27454252,1990-01-02,2003-06-06,NULL,99,10266618,0
1,Reilly,Roggerone,27155263,1990-02-06,2012-09-10,NULL,27,70627439,0
1,Irvin,Melody,23638004,1996-06-03,2004-04-24,NULL,27,84007405,0
1,Bar,Coleyshaw,28165741,1975-04-05,2022-03-23,NULL,1,87403228,0
2,Margarete,Grahamslaw,28416164,1980-09-08,2003-03-03,NULL,1,88803255,1
1,Emiline,Daniely,24291190,1994-01-14,2017-09-20,NULL,99,35840305,0
2,Patrick,Kelby,34314875,1991-11-04,2010-12-12,NULL,0,94423287,0
2,Louisa,Connerry,22050270,1982-12-02,2012-06-26,NULL,0,51670024,0
1,Myrtie,Lindberg,29885984,1978-04-14,2021-02-15,NULL,27,43189331,1
2,Ammamaria,Hebborn,30670539,1994-07-12,2010-06-11,NULL,0,67530715,0
1,Bernardina,Brussell,38049592,1989-11-20,2019-05-31,NULL,0,79371549,0
2,Fae,Coch,34319980,1987-01-04,2021-08-16,NULL,99,80172718,0
2,Prinz,Tuckwell,29761108,1989-10-15,2019-12-05,NULL,27,19380676,0
1,Dore,Payfoot,27870940,1984-09-19,2022-09-12,NULL,27,10930154,0
2,Lorilee,Toulamain,25105852,1991-09-05,2009-03-14,NULL,0,85398736,1
1,Pattie,Matyukon,33906923,1992-05-03,2010-02-23,NULL,27,89224474,0
1,Sayre,Nurny,29683445,1982-09-19,2024-05-14,NULL,1,27280169,1
2,Gunter,Dumbleton,32651129,1995-11-21,2002-04-24,NULL,1,45083451,0
2,Ludvig,Tarren,30515913,1982-03-18,2000-01-22,NULL,27,90806530,0
1,Arleta,Hansill,29655208,1976-09-22,2007-08-20,NULL,27,99316146,0
1,Cully,Wellan,27635127,1982-10-19,2022-06-01,NULL,1,82219063,1
2,Nathan,Langhor,24181980,1997-08-03,2006-06-13,NULL,0,15026068,1
2,Gabrila,Romera,32683094,1992-11-11,2002-03-29,NULL,99,80602947,1
2,Neysa,Tummond,32201027,1982-05-17,2003-06-06,NULL,1,64864580,1
1,Claudina,Skain,36873973,1975-08-22,2023-04-17,NULL,99,77715021,1
1,Arabel,Edes,34103859,1984-10-19,2010-09-12,NULL,99,72027110,0
2,See,Alsina,38286045,1989-04-03,2010-11-06,NULL,0,87343681,1
1,Robena,Mattacks,30088322,1989-03-23,2001-02-10,NULL,0,52083640,1
2,Billi,Pitcher,39575664,1993-03-03,2004-04-17,NULL,0,45414992,1
2,Phylys,Houlson,25727721,1986-01-18,2016-01-11,NULL,27,12486756,0
2,Timotheus,McGeown,25536331,1996-12-30,2022-10-30,NULL,0,80193548,1
1,Alysa,De la Yglesia,30782692,1977-03-15,2014-02-11,NULL,99,55485783,0
2,Nonna,Eyckelberg,32610608,1979-02-16,2017-03-10,NULL,1,90618050,0
2,Zia,Friday,36722005,1999-01-27,2020-03-25,NULL,27,92694618,1
2,Pam,Fleay,29755942,1986-07-13,2013-12-06,NULL,1,96844737,1
1,Jimmie,Lawful,31666465,1990-03-21,2017-03-21,NULL,0,95093756,1
1,Madelaine,Durtnall,33852151,1978-09-28,2013-01-23,NULL,27,84209393,0
1,Dulsea,Midghall,40145614,1981-06-06,2017-06-26,NULL,1,50622892,1
2,Cyndie,Woollacott,32167149,1983-09-24,2019-10-29,NULL,99,95471636,0
2,Bartholomew,Groll,28081855,1985-02-26,2001-05-24,NULL,1,58039249,1
1,Kora,Ceeley,35663332,1975-04-05,2001-08-18,NULL,99,33556084,0
2,Flynn,Pendreigh,24763069,1978-05-05,2014-03-31,NULL,0,68688124,0
1,Briana,Scrimshire,23435658,1980-10-10,2003-05-05,NULL,0,75079763,0
1,Brander,Girdlestone,24475205,1984-10-03,2001-09-26,NULL,27,69359501,1
1,Shurlocke,Kyneton,37897140,1986-06-15,2005-01-11,NULL,0,86108538,0
1,Demetria,Gennings,22380065,1978-04-26,2023-09-23,NULL,27,22607054,0
2,Tracy,Durtnel,23673072,1979-08-10,2010-01-08,NULL,1,30780342,0
1,Ekaterina,Glentz,32896362,1987-11-08,2009-09-25,NULL,99,17727629,1
1,Erika,Garnam,35720334,1998-10-17,2008-11-19,NULL,27,31595174,1
2,Sloane,Gelling,40329122,1999-10-07,2007-06-27,NULL,1,75294407,0
2,Gabbie,Vella,30821577,1991-06-15,2008-08-10,NULL,27,49970070,0
1,Kristen,Avramovitz,29997296,1987-03-21,2006-04-28,NULL,1,97210121,1
2,Inez,Eacle,35665633,1991-03-28,2006-01-17,NULL,1,98723927,0
1,Des,MacIlwrick,22976452,1994-05-25,2018-10-28,NULL,27,51254328,0
2,Galina,Sysland,26488080,1995-04-15,2009-10-18,NULL,27,96645931,0
1,Jervis,Murley,29434967,1981-03-17,2019-09-22,NULL,0,54336324,0
2,Carlene,Simone,37641928,1982-07-07,2016-03-30,NULL,1,92221342,0
1,Ealasaid,Ruste,27660446,1981-10-24,2016-09-22,NULL,99,57303361,0
2,Filmer,Moors,30252933,1979-03-29,2005-04-02,NULL,0,71920470,0
2,Ibbie,Hazlehurst,31740750,1990-07-16,2018-10-31,NULL,0,69791614,0
1,Izaak,Brownsea,39694823,1990-07-23,2019-04-22,NULL,0,94929594,1
1,Rafaelita,Brunesco,40468615,1999-08-24,2021-01-15,NULL,99,58185435,0
2,Anna,Syddie,37245215,1995-10-22,2016-09-22,NULL,27,17377345,1
1,Lydon,Gilling,38204343,1999-03-24,2024-02-24,NULL,0,24529333,1
2,Bridget,Beers,27597419,1981-09-03,2001-05-30,NULL,0,89178714,0
1,Gav,MacLardie,31119301,1997-04-01,2022-05-11,NULL,0,28081694,0
1,Ebenezer,Vial,34700196,1982-10-09,2006-11-13,NULL,99,71339117,1
1,Tybie,Vautin,29103621,1988-09-16,2010-03-19,NULL,99,91018618,1
1,Jackie,Everson,29968394,1983-08-01,2012-10-18,NULL,99,96745337,0
2,Lida,Houdhury,30823691,1986-08-14,2018-04-14,NULL,27,31549198,1
2,Lemmy,Isakowicz,34540605,1988-03-14,2001-03-17,NULL,99,99116997,0
2,Murdock,Doddridge,25686734,1998-08-30,2004-09-02,NULL,99,71917593,1
1,Hagen,Lernihan,22666718,1998-06-04,2017-11-28,NULL,99,41880079,0
2,Marji,Simoneton,29328757,1995-07-27,2005-05-16,NULL,99,79062741,1
1,Othelia,Everley,22264393,1986-12-27,2010-11-23,NULL,99,38514274,1
2,Randee,Gregh,26285569,1977-07-09,2014-06-21,NULL,27,35475792,0
1,Malvin,Kimbury,29142858,1989-07-28,2014-02-19,NULL,1,89247347,0
2,John,Killiam,24985703,1995-07-06,2017-07-05,NULL,1,20598576,1
1,Catherina,McIlrath,33697670,1978-11-14,2015-06-24,NULL,0,90176277,0
1,Hayyim,Denzilow,30969845,1999-02-10,2023-01-20,NULL,99,55473116,0
1,Leticia,Grishkov,23814485,1979-01-11,2017-11-01,NULL,99,42855295,1
1,Kimberley,Grass,34025603,1990-07-14,2022-07-10,NULL,27,95749689,0
1,Jakob,Tarbatt,26382657,1994-08-07,2015-06-20,NULL,27,29330846,0
2,Opal,Batten,26494090,1998-05-01,2004-11-04,NULL,1,24460415,1
1,Justis,Trusler,39243588,1977-02-28,2008-11-14,NULL,99,56623419,1
2,Juana,Pohl,23208641,1989-04-24,2001-08-25,NULL,0,23098341,0
2,Drake,Cownden,33414337,1988-08-18,2018-12-07,NULL,27,81186925,1
1,Ewell,Mudd,40928476,1983-10-12,2012-03-30,NULL,0,54327205,0
2,Gearard,Capstick,39042178,1992-08-09,2016-01-14,NULL,0,16087106,1
1,Chad,O'Carran,30674493,1983-03-22,2018-06-22,NULL,0,36095077,1
1,Edwin,Reisenstein,23140602,1989-12-28,2016-04-09,NULL,0,61314078,0
2,Thebault,Blanden,28229595,1985-12-26,2006-01-16,NULL,1,80493358,1
1,Jarred,MacKerley,40685955,1976-11-13,2012-01-26,NULL,0,66928174,1
2,Ahmed,Durrell,22109501,1996-05-06,2024-06-10,NULL,99,66793238,1
2,Mason,Davern,25545022,1991-10-06,2000-08-05,NULL,0,64366388,0
2,Mirabel,Southerden,40163395,1985-04-18,2013-02-15,NULL,0,57886646,0
1,Micki,Croad,29377903,1977-03-03,2015-09-08,NULL,99,92798559,1
2,Harmony,Haysman,24034931,1975-07-10,2002-12-21,NULL,0,14737460,0
2,Teodor,Colthard,40844930,1978-02-21,2015-03-06,NULL,0,23264517,0
1,Mercy,Wallege,34132751,1988-01-04,2015-03-03,NULL,0,89914115,0
1,Yankee,Wyburn,23896200,1983-06-15,2006-01-17,NULL,0,20750006,1
1,Ahmed,Curteis,24581818,1986-07-03,2010-01-28,NULL,0,71275648,1
2,Maud,Petric,24770480,1998-01-17,2002-12-09,NULL,1,25799180,1
2,Jonis,Brettell,39676714,1986-02-23,2020-06-16,NULL,0,32862541,1
2,Alonzo,Bodega,27773639,1990-10-15,2021-07-09,NULL,0,11050613,1
1,Jesse,Clogg,39121472,1993-10-20,2024-03-18,NULL,1,52293576,1
2,Freddy,Brumfield,36915095,1994-07-18,2015-02-07,NULL,27,52763300,0
1,Carlie,Wagon,32560937,1999-06-17,2011-10-03,NULL,0,30646254,0
1,Dick,Bottleson,34182087,1982-05-07,2023-07-16,NULL,0,55349390,1
2,Kylynn,Gonnel,28632928,1982-06-24,2012-03-10,NULL,99,97027114,1
2,Johann,Furtado,40085059,1991-04-04,2018-11-17,NULL,0,94588592,0
1,Emelyne,Belsey,25657270,1999-02-24,2002-03-23,NULL,99,93992395,1
2,Erna,MacComiskey,37815996,1994-06-14,2001-02-08,NULL,0,41258173,1
1,Scott,Muirhead,33453021,1990-12-13,2005-03-16,NULL,27,50682016,1
2,Maurice,Fluit,36660391,1980-04-04,2017-10-08,NULL,1,14354734,1
2,Jeanette,Baldini,29608303,1975-12-15,2020-03-17,NULL,27,62222839,1
2,Kial,Stoile,37150250,1986-07-09,2008-10-28,NULL,0,77283246,0
1,Shurwood,Burdon,32386650,1995-01-29,2015-02-14,NULL,27,46505792,1
1,Tomi,Gasnoll,26391248,1975-02-09,2006-12-28,NULL,0,39814340,0
1,Hadleigh,Pharro,31954600,1987-06-13,2011-10-30,NULL,1,38435667,1
1,Sonja,Skade,26687391,1975-02-28,2013-06-13,NULL,27,84581674,0
2,Kincaid,Whardley,25316865,1993-03-15,2010-06-08,NULL,99,44734215,1
1,Madeline,Iliff,39410396,1999-09-05,2001-03-27,NULL,0,45899258,0
1,Erl,Mockford,36836756,1999-09-16,2021-12-04,NULL,1,60324955,0
1,Jan,Gibke,29657679,1992-05-30,2010-03-09,NULL,99,62071653,1
2,Leanna,Hindenberger,24887833,1983-10-01,2006-12-29,NULL,27,92339263,0
2,Monty,Jouannot,24450275,1979-04-23,2010-11-08,NULL,1,97405711,1
2,Ive,Bingell,27279712,1981-12-29,2011-06-20,NULL,1,54991322,0
1,Forrest,Dudenie,25698879,1999-04-24,2009-09-15,NULL,0,37779861,0
2,Barnard,Toffolini,24579455,1979-08-02,2004-12-31,NULL,99,75363082,1
1,Nefen,Mariyushkin,32429668,1977-12-24,2016-04-15,NULL,1,98926015,0
2,Brier,Twinbourne,36141207,1993-03-08,2002-01-01,NULL,99,17142266,1
2,Annissa,Drillot,26424617,1997-01-18,2012-03-28,NULL,27,50330588,0
1,Lois,O'Kielt,23561719,1992-08-26,2012-04-07,NULL,99,93707356,0
1,Chad,Atkirk,31522594,1983-03-11,2008-09-22,NULL,27,14642035,0
1,Nollie,Joreau,32807374,1990-01-23,2023-08-15,NULL,99,14254630,1
2,Nisse,Oldale,39651720,1997-10-26,2020-04-19,NULL,27,12767415,1
1,Jennine,Godbert,40539998,1991-11-07,2010-05-05,NULL,27,36238064,0
1,Neda,Bracchi,23961404,1990-08-22,2013-11-27,NULL,0,73594062,1
2,Nicol,Stivens,35354576,1988-03-23,2011-04-07,NULL,0,55962166,1
1,Kendell,Lissaman,34776860,1976-12-25,2019-10-02,NULL,99,32948632,1
1,Lanae,Facer,35925211,1995-08-15,2020-05-25,NULL,27,27078132,1
2,Judi,Tinker,38174933,1985-01-03,2000-05-07,NULL,1,45218693,1
1,Cacilia,Caesmans,30619900,1984-01-04,2006-12-28,NULL,27,19391191,1
2,Leeanne,Ianitti,29364496,1984-07-30,2002-08-05,NULL,0,11232286,0
1,Catherine,Harper,33845691,1982-05-18,2018-04-23,NULL,27,78638262,1
1,Emile,Kyteley,29552596,1993-06-28,2014-07-06,NULL,1,18062356,1
2,Lindon,Le Moucheux,24779713,1978-05-10,2007-08-18,NULL,1,74662975,1
2,Shurwood,Francescuzzi,33335236,1988-01-13,2023-03-23,NULL,1,11200433,0
1,Erika,Caulwell,22558103,1996-01-07,2018-04-10,NULL,27,24857472,0
2,Callean,Sidsaff,36770049,1976-05-27,2014-01-24,NULL,27,28092540,0
1,Barron,McClifferty,37920759,1978-09-08,2004-01-19,NULL,1,90072557,1
1,Wesley,Burford,26647057,1999-04-07,2017-03-15,NULL,0,59439549,0
1,Katee,Errett,24959054,1983-07-02,2017-11-29,NULL,99,65633636,0
1,Goddard,Russam,37818736,1978-08-15,2021-11-20,NULL,0,23243254,1
1,Lou,Hanshaw,38875422,1982-11-05,2024-02-21,NULL,27,99490511,0
1,Eddy,Manchett,39343304,1978-07-06,2012-10-19,NULL,0,62896519,0
2,Joelly,Linnell,22599308,1980-08-18,2022-10-27,NULL,99,21423536,1
2,Dyanna,Gullan,23321228,1989-05-09,2022-06-05,NULL,99,83493358,1
2,Rubi,Roycroft,32710707,1990-01-19,2001-02-07,NULL,0,99047537,1
2,Martie,Heibl,30356199,1995-10-06,2018-02-26,NULL,27,69442372,0
1,Mandi,Holburn,36723381,1992-06-03,2007-01-15,NULL,1,60604179,1
1,Violet,Armin,22579047,1981-07-30,2007-05-03,NULL,99,57887433,1
1,Aimee,Phippard,26443914,1977-03-05,2005-06-01,NULL,99,61082832,1
1,Mathias,Krol,40872356,1975-03-19,2018-12-22,NULL,27,45874502,1
1,Jessee,Gateley,22534861,1991-12-14,2014-01-17,NULL,27,17523462,0
2,Rhiamon,Harrowsmith,25526824,1996-01-06,2011-02-02,NULL,27,87049991,1
1,Maison,Towns,33093784,1982-10-13,2016-05-17,NULL,1,18424892,1
2,Reggie,Frascone,26498992,1996-05-04,2018-06-10,NULL,1,67947010,0
2,Quinton,Bernon,36521789,1981-06-21,2012-10-11,NULL,1,65069118,1
1,Berenice,Alldred,40284970,1989-10-27,2021-05-26,NULL,99,56624374,0
2,Prudence,Pena,31585933,1989-08-29,2021-04-08,NULL,0,46226798,1
1,Thomas,Kellen,27462164,1990-11-21,2019-04-29,NULL,1,84609468,0
2,Jorrie,Ferrillio,22417582,1976-06-14,2010-04-07,NULL,1,97243834,0
1,Amye,Grinston,29786466,1986-12-15,2007-01-24,NULL,99,92231725,1
1,Cosme,Dene,33339804,1992-01-14,2024-01-31,NULL,1,81505409,1
2,Edouard,Covell,30825170,1985-05-19,2021-12-24,NULL,1,59044679,0
2,Maddy,Gorghetto,23047976,1980-05-01,2006-09-23,NULL,0,22628293,0
2,Oswald,Coultard,33305082,1996-10-04,2008-02-07,NULL,1,16540173,1
2,Thane,Bodechon,37808187,1993-10-08,2000-03-30,NULL,99,97866521,1
1,Alick,Beesey,36329998,1976-04-17,2007-01-24,NULL,27,48490478,0
1,Nobie,Bogges,27475454,1975-04-08,2002-05-12,NULL,0,41815073,1
2,Erin,Dunckley,22624150,1976-02-27,2023-02-14,NULL,1,87459307,1
1,Che,Cabell,25757937,1992-12-07,2012-06-20,NULL,99,78580780,0
1,Vick,Baake,40048681,1990-05-05,2008-03-22,NULL,99,89786648,0
1,Carlynn,Sturman,34725878,1977-03-18,2020-11-09,NULL,99,24046829,0
1,Manon,Leving,28561474,1990-05-05,2015-11-09,NULL,0,43848233,1
2,Erick,Williscroft,37408155,1985-10-31,2001-08-14,NULL,99,90404170,1
2,Terrill,Lowndesbrough,23490325,1976-10-27,2000-03-31,NULL,27,57524581,1
2,Pietrek,Ottley,32707725,1982-07-26,2015-08-24,NULL,1,60364724,1
1,Ram,Conisbee,32571634,1989-04-14,2013-12-05,NULL,0,67751600,0
1,Hillier,Hedditeh,35968276,1985-02-04,2023-07-04,NULL,99,45968376,0
2,Riccardo,Kaas,39564724,1989-05-07,2008-06-02,NULL,1,97458462,0
2,Frank,Lemary,36462967,1984-04-28,2017-12-11,NULL,1,57035898,1
2,Daveen,Crose,40429190,1995-11-14,2016-04-28,NULL,27,94478894,0
1,Jeddy,Wiltshaw,37468313,1984-08-26,2019-10-11,NULL,99,73410712,0
2,Bruce,Ketcher,38157901,1986-12-03,2007-04-12,NULL,99,81164275,1
1,Yetty,Aujean,29404576,1999-03-07,2017-02-17,NULL,99,85464850,0
1,Lincoln,Lisciardelli,30692103,1988-05-10,2006-02-03,NULL,99,49629764,0
2,Rebecka,Letessier,25945498,1984-03-02,2016-06-30,NULL,99,16610851,1
1,Gayleen,Smieton,33440795,1983-01-12,2012-07-23,NULL,1,86378815,0
1,Peirce,Jee,25815336,1977-12-28,2000-11-14,NULL,0,88933829,0
1,Vincenty,Standfield,27884704,1975-06-15,2021-04-05,NULL,1,77037045,1
1,Leticia,Blasio,26439639,1981-11-20,2014-04-16,NULL,99,79614157,0
2,Sherill,Conerding,24464172,1984-02-16,2016-11-11,NULL,1,26710042,0
2,Hillie,Goadby,23904841,1991-07-14,2014-08-20,NULL,27,59782078,0
1,Hulda,Myner,35741152,1991-04-24,2016-03-06,NULL,99,26699093,0
2,Dalt,Attwater,22226276,1991-10-03,2007-04-18,NULL,99,57652876,0
1,Tabbie,Satchell,31231074,1994-04-25,2018-02-26,NULL,0,34448577,1
2,Libbey,Braunroth,27680012,1993-08-14,2005-07-16,NULL,1,69727458,0
2,Ettie,Dirand,27459329,1994-07-02,2023-12-29,NULL,99,23547708,0
1,Eal,Quarry,28032002,1999-10-04,2017-10-13,NULL,99,19537542,1
2,Evvy,Jansik,39097115,1983-05-28,2020-10-09,NULL,1,46629150,0
2,Gunilla,Faragan,33153939,1993-07-27,2017-09-21,NULL,27,12910109,0
2,Coralie,Presnail,35618360,1989-01-03,2006-06-04,NULL,99,57857347,0
2,Beverley,Goskar,22681249,1981-06-09,2020-03-01,NULL,99,47387752,0
1,Ingeborg,Botright,29555791,1995-05-22,2016-10-02,NULL,1,69466347,1
2,Eldridge,MacAindreis,40022829,1984-04-16,2007-12-22,NULL,99,36476095,1
2,Byron,Lantaff,24647801,1984-07-29,2024-02-28,NULL,27,13141338,1
2,Jakie,MacIver,40639861,1979-04-19,2015-03-12,NULL,0,99199679,1
2,Constantia,Cufley,40266194,1988-04-20,2010-06-11,NULL,0,24076410,1
1,Angelica,Sloat,28018312,1983-02-19,2015-10-27,NULL,27,50750488,1
2,Mable,Tremathack,23098587,1976-11-06,2003-11-21,NULL,0,66369682,0
2,Benedikt,Resdale,28777070,1996-11-02,2016-02-14,NULL,99,86131107,1
1,Hagan,Finder,34564509,1999-06-19,2018-12-24,NULL,27,74210239,0
2,Karla,Ramlot,36378705,1991-07-25,2015-04-09,NULL,0,43906363,1
2,Reinald,Warnes,38952588,1980-08-20,2014-04-23,NULL,0,53035686,0
2,Sarette,MacCrann,23435106,1980-10-11,2005-11-27,NULL,0,41426960,1
1,Kanya,Guillou,36299456,1987-05-20,2003-03-22,NULL,27,84576956,1
1,Emmalynn,Elverston,37627856,1999-08-28,2019-03-21,NULL,99,66944536,1
1,Jayme,Stoite,39389032,1988-04-23,2005-03-08,NULL,0,93956175,0
1,Rockwell,Lillow,39762051,1994-01-30,2011-09-13,NULL,0,36180452,1
1,Julissa,Parysowna,37405746,1993-03-09,2011-11-10,NULL,1,34105054,0
2,Kerby,Mattiessen,24730085,1978-07-18,2016-08-21,NULL,1,32772999,1
2,Maryjo,Pymer,38890582,1982-07-21,2007-11-12,NULL,1,30929981,1
2,Zsa zsa,Samwaye,34309503,1978-09-16,2023-09-07,NULL,99,65311049,0
1,Garey,Armit,23720903,1994-01-17,2005-04-05,NULL,27,42670466,1
1,Warde,Schenfisch,39908799,1993-12-13,2006-07-24,NULL,99,29761891,1
1,Adelheid,Dennitts,33622894,1992-07-16,2017-09-01,NULL,99,34091303,0
1,Zachariah,Spedding,36067716,1994-12-05,2024-10-17,NULL,27,45441028,1
2,Gavra,De Lasci,27304935,1979-04-11,2020-01-21,NULL,1,23638805,1
2,Waverly,Kidder,31397964,1987-03-23,2016-05-12,NULL,1,64446829,1
1,Hope,Muat,27994746,1988-08-04,2012-09-13,NULL,0,40727265,1
1,Kevyn,Bagnell,38291938,1981-07-17,2018-07-24,NULL,0,32938168,1
2,Wandie,Coleyshaw,37675296,1992-04-29,2023-02-16,NULL,27,95158719,0
1,Billye,Tallow,22817311,1976-11-18,2024-09-24,NULL,1,31273694,0
1,Lesley,Bjorkan,32372380,1984-02-03,2022-08-21,NULL,0,37870906,0
1,Avictor,Rimbault,32157857,1988-11-18,2016-06-18,NULL,1,73436454,0
1,Daphene,Dartnall,38099506,1999-12-17,2022-12-26,NULL,27,20566618,1
1,Ellwood,Duffer,27295275,1990-12-01,2020-04-10,NULL,27,36054781,0
2,Kippy,Franceschielli,27868990,1988-03-02,2003-08-18,NULL,27,76663848,0
2,Nanny,Delgardo,34220070,1976-08-23,2024-01-14,NULL,0,41045057,0
1,Hollyanne,Cruise,39751942,1994-04-16,2003-04-25,NULL,1,19482894,1
1,Pearle,Bebbell,38977768,1994-04-14,2009-08-27,NULL,0,88190361,0
2,Rozelle,Beardsell,24366822,1992-04-26,2023-06-15,NULL,99,52184344,0
2,Ambrose,McClunaghan,40835741,1977-08-15,2021-12-19,NULL,0,46841946,1
2,Berkie,Normanville,39360042,1982-07-04,2023-04-05,NULL,1,33776930,1
2,Shaw,Faulks,37905417,1992-06-21,2020-01-16,NULL,99,56560906,0
1,Gardiner,Tancock,40142657,1989-09-08,2001-08-18,NULL,27,98911261,0
2,Shauna,Dyke,22766896,1976-08-07,2013-08-12,NULL,1,97147839,1
1,Loren,Willmore,32950847,1976-11-06,2023-04-07,NULL,99,31463037,1
2,Janina,Kimmerling,28999161,1988-08-22,2008-10-07,NULL,99,20450021,1
1,Jermaine,Titterell,37498273,1992-05-11,2007-01-23,NULL,99,98315655,1
1,Parsifal,Pattlel,26657302,1998-03-03,2014-12-20,NULL,27,42964669,1
2,Valerye,Janek,31546353,1990-09-04,2019-09-26,NULL,0,64640540,0
1,Balduin,Bushby,36946419,1990-07-05,2021-08-25,NULL,1,63187972,0
2,Lon,Huske,24981209,1995-05-21,2001-11-14,NULL,0,39947616,1
1,Alameda,Headford,31248743,1983-02-01,2023-10-02,NULL,1,64097012,1
1,Farleigh,Rosenblad,24782392,1977-11-26,2021-08-24,NULL,1,18298298,1
1,Raimund,Gonthard,36044185,1997-05-29,2010-11-18,NULL,1,75622342,1
1,Jess,Chard,38651151,1989-02-10,2003-08-22,NULL,1,37808113,0
2,Lorrie,Bruno,38275750,1976-04-03,2000-02-12,NULL,99,98551646,1
1,Kinna,Pock,34506812,1993-09-30,2013-10-22,NULL,27,94069638,1
1,Gillie,Sabater,40685325,1985-10-17,2000-08-19,NULL,0,66797199,0
1,Loleta,Kerfut,33768406,1983-04-29,2004-11-12,NULL,1,58686236,0
1,Nobie,Saffer,39694675,1982-10-11,2010-02-18,NULL,27,37035368,1
2,Zabrina,Maleby,23948771,1985-02-09,2009-02-25,NULL,27,61081891,0
1,Hadrian,Hetterich,33866350,1982-07-20,2003-08-21,NULL,27,15180311,1
1,Jemie,Flasby,22524739,1998-12-23,2010-08-27,NULL,27,75075848,1
1,Keane,Seamarke,24807850,1975-06-11,2014-10-18,NULL,99,79784478,0
1,Hester,Over,33350160,1975-05-14,2009-02-26,NULL,0,44032654,1
1,Anselma,Jouen,40063428,1980-11-14,2024-05-20,NULL,0,59207982,1
2,Efrem,Killingback,22073826,1977-09-20,2002-11-21,NULL,1,86917634,1
2,Eamon,Katz,40110056,1992-01-10,2021-12-20,NULL,1,18144128,1
1,Helaina,Valentinuzzi,29358224,1983-10-25,2007-07-12,NULL,99,18821658,0
1,Ruthanne,Wands,29102765,1986-10-09,2015-01-23,NULL,27,81273639,1
2,Lyle,Hallwell,24816372,1984-11-02,2024-01-21,NULL,27,72409013,1
1,Cammy,Orthmann,37074258,1982-01-13,2008-09-23,NULL,1,21813701,1
1,Dalli,Sheraton,30490156,1994-05-13,2005-12-10,NULL,99,63293653,0
2,Shel,Mapledoram,31109293,1983-10-23,2011-01-16,NULL,99,20154835,0
1,Anselma,Sharpe,24412863,1993-03-05,2012-12-02,NULL,99,33108986,1
1,Kailey,Dallaghan,28026837,1994-03-12,2005-09-28,NULL,99,26627009,0
2,Cleon,Shade,38106095,1988-03-05,2010-03-30,NULL,99,89580703,1
2,Delano,Zanini,32268919,1996-11-23,2010-02-22,NULL,99,47197140,0
1,Helena,Whittick,38510462,1995-11-29,2018-01-09,NULL,27,33811245,0
2,Gretel,Vader,33661592,1998-10-24,2013-06-28,NULL,1,23457187,1
2,Titus,Yanez,38632065,1982-01-23,2010-12-31,NULL,27,66864449,1
1,Darla,Pimerick,40515010,1978-12-17,2010-05-20,NULL,27,80963613,0
2,Allin,Cortes,35165918,1994-01-29,2009-08-19,NULL,99,88080454,1
1,Jeddy,Alfonzo,22146185,1998-09-13,2017-10-03,NULL,99,15135583,0
1,Dita,Claydon,26523531,1993-05-18,2010-07-20,NULL,99,79341949,1
1,Alfonso,Cantillon,33595460,1996-02-19,2024-02-10,NULL,27,49336510,0
2,Costanza,Gutridge,25822112,1994-09-20,2018-09-06,NULL,99,22650887,0
1,Austin,MacIan,39118854,1982-05-12,2017-10-21,NULL,0,72234362,0
1,Alix,Whitwam,33074508,1985-07-20,2008-09-26,NULL,1,79166040,0
2,Bert,Cawsby,30383587,1985-01-12,2003-04-18,NULL,27,37692902,0
1,Ula,Charker,40480713,1979-04-24,2000-08-21,NULL,1,80167421,0
1,Ingeberg,Lawlor,25081955,1986-05-31,2022-09-28,NULL,27,71536880,0
2,Norene,Lotze,33636332,1993-02-21,2004-11-03,NULL,99,49595827,1
1,Clem,Kerin,33661301,1982-08-28,2006-11-18,NULL,1,46769594,0
2,Courtney,Brimilcome,40593037,1998-02-18,2010-03-01,NULL,0,49119229,0
1,Nikolas,Simonyi,30621882,1995-04-05,2008-02-21,NULL,27,25459440,0
2,Adham,Hambly,40759646,1986-11-25,2013-10-19,NULL,99,82833303,0
1,Lesya,Jobes,38441620,1997-12-16,2020-11-12,NULL,0,12824989,0
2,Paula,Britney,34409423,1981-03-07,2019-11-23,NULL,0,24622130,0
2,Aldus,Blaxall,34145646,1993-05-21,2004-05-18,NULL,0,76864388,1
2,Kippy,Birmingham,25075276,1997-09-13,2021-06-02,NULL,27,78815905,0
1,Jacquelin,Bibb,35035519,1988-11-04,2010-09-11,NULL,1,28059276,0
2,Waneta,Lynock,23695308,1992-06-22,2002-08-04,NULL,27,52514161,0
1,Ly,Du Pre,39853837,1988-06-11,2015-04-30,NULL,99,42232797,1
1,Stefanie,Killelea,25274778,1989-08-25,2004-08-23,NULL,99,94273416,1
1,Ogdon,Restill,25234259,1982-02-03,2021-07-26,NULL,1,86831848,0
2,Wendeline,Shadrack,31060105,1981-03-29,2018-04-25,NULL,0,28787141,1
1,Beltran,Strowan,33917572,1979-12-11,2003-08-16,NULL,1,38022813,0
1,Alfreda,Bye,30633389,1989-04-26,2016-03-08,NULL,0,23632589,1
2,Collete,Folder,40080223,1998-12-20,2019-10-19,NULL,0,36728080,1
2,Cornelia,Frankowski,35286318,1989-02-06,2017-04-29,NULL,1,51039222,1
2,Nevins,Wraith,22497230,1993-10-18,2024-09-17,NULL,99,85926853,0
2,Emmey,Desforges,34721551,1995-02-28,2021-01-11,NULL,1,98786269,1
2,Jayne,Zimek,28091432,1997-05-14,2014-02-14,NULL,1,31121602,0
2,Angelica,Klassman,28795836,1999-01-06,2002-12-30,NULL,0,61574993,1
2,Linea,Allkins,30801790,1985-08-05,2008-03-04,NULL,27,22484264,1
1,Madelon,Blancowe,26434513,1978-01-08,2008-10-07,NULL,1,78200081,0
1,Rosette,Applegarth,31405205,1978-03-11,2009-05-02,NULL,0,99247593,1
1,Port,Lamberteschi,25239601,1977-02-05,2005-01-08,NULL,27,41697345,1
2,Alisa,McAless,30743805,1975-04-29,2002-04-17,NULL,99,82860714,1
1,Baillie,Pooley,38013058,1978-09-01,2016-10-23,NULL,1,79521214,0
1,Fletcher,Elis,28373188,1984-07-06,2001-05-10,NULL,1,70562786,1
1,Kennie,Cossington,36251688,1975-03-25,2011-02-23,NULL,99,34343301,0
2,Virgilio,Larrosa,33215050,1993-08-30,2017-03-09,NULL,0,61548578,0
2,Tabbie,Kennifeck,23681127,1983-06-27,2009-12-30,NULL,27,29594226,1
2,Veronica,O'Caine,28981724,1987-08-12,2001-09-18,NULL,99,89284043,0
1,Des,Crangle,30927095,1975-03-02,2002-04-15,NULL,0,68480079,1
2,Denny,Corbishley,33383872,1985-04-24,2005-06-16,NULL,0,12383914,0
2,Giustino,Desorts,36379453,1989-05-24,2008-05-21,NULL,27,55666281,0
1,Krystalle,Gigg,25861228,1988-12-09,2004-04-23,NULL,1,99385892,1
1,Kean,Erdely,25177927,1979-02-21,2001-06-22,NULL,1,50467718,1
1,Antoinette,Leer,28617069,1983-02-13,2022-11-17,NULL,27,16009412,1
1,Siouxie,Faltskog,33196325,1985-12-28,2013-08-03,NULL,99,68416899,0
2,Lorelle,Westwood,30222749,1981-02-20,2001-01-01,NULL,27,83893570,1
1,Tori,O'Corr,22020239,1998-02-04,2007-12-21,NULL,27,44667939,0
1,Bert,Moyne,30007832,1977-10-31,2007-12-03,NULL,1,48733100,1
1,Moll,Cranston,40708299,1982-04-07,2008-02-29,NULL,27,22307989,1
1,Aleece,Riddell,34048975,1997-03-13,2024-06-21,NULL,99,60214358,0
1,Raynor,Skeffington,24693772,1988-09-02,2007-10-09,NULL,0,12288286,1
1,Elissa,Rymer,33890609,1997-07-22,2011-02-05,NULL,1,98558916,1
1,Jennifer,Tewkesbury,40621578,1978-09-11,2023-08-07,NULL,99,91928636,0
2,Helenka,Hudless,28107107,1975-10-21,2008-09-20,NULL,0,93183937,0
1,Reynolds,Uphill,38508856,1981-06-19,2000-05-30,NULL,0,87814990,0
2,Linda,Averall,32102464,1983-12-11,2016-01-09,NULL,1,75091724,1
2,Keane,Bariball,28550158,1979-04-20,2019-02-12,NULL,27,89155777,1
2,Priscella,Grabb,38132020,1985-10-25,2018-08-09,NULL,99,30878448,1
2,Else,Kyte,34063743,1997-08-16,2013-09-07,NULL,1,66834023,1
1,Marco,Whewell,27541459,1993-11-29,2020-03-20,NULL,0,49456195,0
1,Alyssa,Bleakley,34654853,1977-09-18,2019-03-17,NULL,1,51471944,0
1,Yuma,Imlaw,24075633,1998-02-03,2007-10-07,NULL,27,95189177,1
2,Sibylla,Fishbourn,30659532,1990-11-13,2023-08-05,NULL,1,58595597,1
2,Marcie,Tabord,27788354,1988-01-13,2020-02-11,NULL,0,59254689,0
1,Tonye,Rafe,37190123,1979-01-22,2018-05-31,NULL,0,31114986,0
2,Orville,Rigolle,30144174,1985-04-10,2010-09-29,NULL,0,53421535,1
2,Ara,Sanger,38455660,1995-05-31,2023-04-21,NULL,99,84035123,0
1,Casar,Freke,38084900,1995-09-10,2000-11-24,NULL,1,39461644,0
1,Bettina,Gasticke,34738849,1981-11-26,2016-08-15,NULL,27,68464487,0
2,Whit,Beston,40798935,1988-10-17,2008-04-17,NULL,1,43939706,0
2,Georas,Bartod,31804858,1995-10-27,2009-01-10,NULL,1,36887909,0
1,Sanderson,Latham,38701278,1985-10-01,2023-02-25,NULL,0,84040415,0
2,Dennie,Aris,26475604,1980-04-22,2021-05-27,NULL,27,55974264,0
1,Weylin,Tarbatt,33499350,1987-11-01,2008-03-15,NULL,0,94994709,1
1,Shirl,Grimmer,32074008,1992-03-23,2003-01-16,NULL,1,90946701,1
1,Christabella,Jillions,40115582,1975-08-11,2003-02-22,NULL,27,79699695,0
1,Lena,Van Schafflaer,28920901,1980-04-19,2008-03-28,NULL,99,64768548,0
1,Camala,Tawton,26277497,1999-07-09,2006-02-18,NULL,99,17271220,1
1,Cassandry,Bleything,29384503,1997-04-27,2022-09-06,NULL,0,43183749,1
2,Kenny,Vink,23624792,1980-01-19,2018-07-21,NULL,0,31583584,0
2,Roobbie,Johnstone,39689930,1999-06-04,2024-04-05,NULL,99,49548151,1
2,Eugenius,Tatham,35608118,1998-02-02,2016-02-23,NULL,1,35584926,0
2,Stevena,Jordine,32741875,1976-01-06,2016-03-17,NULL,1,74469928,1
2,Nert,Moine,40188161,1976-12-02,2017-06-07,NULL,99,82679938,1
2,Peyton,Vallentine,25057008,1991-10-16,2002-10-24,NULL,1,34758839,0
2,Sutton,Siggee,36454146,1977-02-05,2020-08-12,NULL,1,41011743,0
2,Levy,Chieco,31132928,1991-03-19,2002-06-02,NULL,27,45998296,0
1,Glenden,Houdmont,27081756,1981-02-24,2018-08-20,NULL,0,29144817,0
1,Codi,Paulson,31538038,1979-07-22,2009-11-02,NULL,0,33322807,0
2,Madelin,Cazereau,22289676,1993-06-02,2009-04-23,NULL,1,43985597,1
2,Gillie,Pelham,31881689,1981-07-16,2023-03-19,NULL,0,82145449,0
1,Ed,Dreghorn,35266490,1986-04-04,2005-04-07,NULL,27,60207914,0
1,Olvan,Paulsen,23163230,1975-03-28,2008-11-23,NULL,27,37561499,0
2,Cyndi,Posthill,31859963,1999-01-09,2023-04-20,NULL,0,96985221,0
2,Arlina,Zold,32049562,1976-08-21,2022-01-15,NULL,0,14713878,0
2,Sonnie,Niblock,38366205,1981-04-30,2007-10-01,NULL,27,90974790,1
1,Audrey,Pawlick,26696780,1976-04-09,2017-04-08,NULL,1,16301733,0
2,Ashlen,Dupoy,29611905,1995-12-02,2020-10-22,NULL,27,37708258,1
1,Tris,Hincham,24934474,1998-05-07,2002-12-16,NULL,27,41348307,0
1,Dniren,Booty,31277429,1983-08-16,2000-01-02,NULL,0,77830540,0
2,Allin,Shoreman,31261985,1992-09-16,2014-08-23,NULL,27,10335958,0
1,Erhart,Zanolli,36501702,1975-03-08,2015-08-16,NULL,99,60505224,0
2,Regina,Asaaf,39246240,1986-08-26,2016-01-14,NULL,27,54810068,0
2,Jehanna,Reed,39931829,1980-01-17,2008-11-08,NULL,1,62058231,1
2,Meredith,Huxton,22844097,1996-01-19,2015-02-22,NULL,1,67348940,0
2,Ezechiel,Pyrton,32132730,1996-08-21,2012-06-16,NULL,1,31683900,0
2,Odelle,Spacy,22145826,1996-09-29,2018-03-08,NULL,27,59182971,1
2,Ange,Martygin,29733836,1986-03-11,2013-08-02,NULL,1,20236604,0
1,Siward,Sutherel,29089753,1998-10-20,2013-11-24,NULL,0,55105960,1
1,Giustino,Tortoise,38854613,1984-11-21,2022-02-07,NULL,99,29101567,1
2,Nananne,Davidove,33796097,1998-08-03,2010-03-12,NULL,1,11951254,1
1,Kim,Brook,26450218,1999-08-09,2023-10-09,NULL,99,13901075,0
2,Jed,Sebrens,36257085,1990-09-08,2016-12-08,NULL,0,88692748,0
1,Cecil,Dolle,25006760,1975-06-09,2000-06-17,NULL,1,72362053,0
2,Bonny,Tapton,26969484,1977-11-28,2019-10-02,NULL,27,26160892,0
2,Arlin,Brocks,29090841,1982-07-26,2022-05-12,NULL,1,92752805,0
1,Staffard,Mellhuish,24838427,1983-12-08,2023-12-31,NULL,27,13137770,1
1,Aurelie,Satteford,26463006,1990-02-22,2017-02-26,NULL,0,71416604,1
1,Willis,Gilliver,36036118,1990-07-10,2002-05-02,NULL,0,91387646,1
2,Ad,Mathevet,32755346,1977-04-21,2017-09-24,NULL,1,53243639,1
1,Phillis,Meuse,35637253,1993-11-17,2003-11-27,NULL,1,82450255,0
1,Jory,Patrick,38595420,1999-10-11,2019-11-25,NULL,1,48816591,0
2,Selinda,Roggeman,25272963,1991-11-12,2019-01-09,NULL,27,22246737,0
1,Corabel,Ricardo,27505862,1995-09-09,2009-07-20,NULL,0,79061873,0
2,Reine,Berfoot,37627920,1981-03-23,2017-05-25,NULL,27,85790622,1
1,Rufe,Bartel,32784468,1980-08-13,2010-01-19,NULL,1,19411977,0
1,Alyson,Solesbury,36669463,1992-06-27,2024-01-13,NULL,1,48149472,1
1,Gratia,Borthwick,27169611,1994-04-11,2018-05-13,NULL,99,72357856,1
1,Cacilie,Dolohunty,23661976,1978-07-21,2007-06-16,NULL,27,83110613,1
2,Katharina,Cutress,40194361,1989-11-30,2014-03-21,NULL,27,91557224,1
2,Tremain,Ciardo,35652962,1996-02-02,2012-11-06,NULL,27,61885537,1
1,Nate,Kilroy,23150163,1992-04-27,2009-02-27,NULL,1,11386346,1
1,Pattin,Cockman,32549820,1999-06-11,2019-09-23,NULL,1,43273286,1
1,Floris,Longbone,34079267,1984-12-09,2000-09-14,NULL,27,97853341,0
1,Ives,Colrein,31335812,1982-01-27,2014-07-11,NULL,0,10212891,0
2,Terencio,Rixon,26032949,1975-11-15,2011-03-30,NULL,99,24921126,1
1,Talya,Berrycloth,26207934,1989-12-20,2012-06-03,NULL,1,27869428,1
2,Dougy,Condon,32254586,1993-08-30,2024-08-29,NULL,27,10942448,1
2,Rozalin,Walsh,27677498,1999-01-31,2002-06-17,NULL,1,93985962,0
1,Hayyim,Ingerfield,23926790,1991-02-23,2017-02-07,NULL,27,52113456,1
1,Hilary,Lenoir,29785690,1993-07-02,2024-04-10,NULL,1,59737253,0
2,Lyn,Janicek,35814991,1978-02-20,2003-03-11,NULL,99,64084156,0
1,Leah,Browett,28080351,1982-06-19,2015-08-04,NULL,99,89322247,1
1,Urbanus,Leckey,25420918,1992-08-28,2005-01-27,NULL,0,74186634,1
2,Marcos,Fintoph,26850920,1981-11-28,2022-09-11,NULL,99,45818065,0
1,Hanna,McCreery,39006772,1987-03-08,2001-09-22,NULL,1,93962021,0
2,Chane,Gabbitas,39036674,1975-06-16,2015-08-11,NULL,27,45625409,1
2,Louisa,Pimblett,26730297,1993-03-05,2012-08-04,NULL,99,98393791,0
2,Kenton,Chrippes,31194721,1976-08-07,2003-08-27,NULL,27,93173890,0
1,Audrey,Lampbrecht,26436909,1989-05-05,2015-05-26,NULL,0,57181163,1
1,Simmonds,Pudge,30662498,1993-05-24,2012-04-21,NULL,0,20632488,1
1,Brew,Devoy,31291663,1983-12-20,2022-08-15,NULL,0,50003653,0
2,Sammy,Phonix,26129137,1984-12-31,2004-12-29,NULL,99,56455231,0
1,Derby,Busen,28634174,1978-05-15,2024-09-10,NULL,27,58221749,0
2,Jennette,Saddington,36974774,1992-11-28,2003-11-05,NULL,27,44740413,1
2,Dugald,Stribbling,39781798,1988-01-21,2003-10-31,NULL,1,85425951,1
2,Clement,Fido,23704724,1984-10-28,2015-12-12,NULL,99,20180996,0
1,Oliviero,Cornhill,34041247,1988-04-20,2019-01-08,NULL,27,84450393,1
2,Franky,Blackadder,30631419,1984-08-04,2010-05-13,NULL,99,33225785,0
1,Laurena,Ferrandez,26937315,1991-08-25,2005-04-17,NULL,1,86004944,0
1,Amanda,Churchley,35916929,1978-07-20,2017-08-20,NULL,99,26025114,0
2,Bill,Goakes,34869208,1996-12-29,2000-12-15,NULL,27,41346925,1
1,Craggie,Peinke,24936316,1981-08-16,2004-11-07,NULL,99,12642948,1
1,Scott,Coulthard,25001925,1994-05-18,2018-06-17,NULL,99,60539854,0
1,Chiquia,McGreay,31205801,1975-05-25,2024-10-10,NULL,99,23015832,1
2,Kailey,Brotheridge,34002755,1991-10-03,2019-01-02,NULL,0,20105692,0
2,Joli,McCloy,33832381,1985-10-16,2006-06-12,NULL,99,89637263,1
1,Nessi,Lubeck,26572036,1985-06-05,2015-03-01,NULL,99,82783221,0
1,Gael,Vasyunin,40150757,1985-03-15,2005-07-15,NULL,1,53798476,1
2,Adan,Chaudron,27502201,1985-08-13,2010-11-25,NULL,1,32563154,1
2,Abbie,Sollime,25595338,1982-04-22,2012-02-08,NULL,27,77302051,0
1,Duff,Grishkov,35573078,1988-12-23,2007-06-08,NULL,0,46238853,0
2,Maybelle,Jeffryes,30955426,1996-04-19,2003-10-15,NULL,0,90675019,0
1,Allsun,Rivallant,26505926,1997-08-10,2004-09-20,NULL,1,67694312,1
1,Floria,Keemer,36314293,1996-07-09,2021-01-16,NULL,1,80012573,0
1,Kaila,Treffrey,34225762,1981-07-18,2017-10-22,NULL,1,53580693,1
2,Ottilie,Haxby,34537649,1975-08-14,2023-10-03,NULL,99,53198193,0
2,Giorgio,Blase,23045404,1980-10-06,2012-11-27,NULL,99,52032521,0
1,Zitella,Gerardeaux,34363802,1987-02-07,2014-08-15,NULL,0,52020946,1
2,Adelheid,Beahan,32349573,1999-10-14,2004-01-26,NULL,27,61751636,0
1,Ruddy,Cadlock,31047840,1978-08-04,2015-02-14,NULL,0,77516096,0
1,Carlota,Deevey,22745822,1979-11-17,2003-06-30,NULL,27,79152121,0
1,Danielle,Addie,36214184,1986-08-15,2009-01-17,NULL,27,46982717,1
1,Lilly,Troth,40789427,1978-08-25,2023-09-21,NULL,0,99206566,0
1,Demetris,Arkell,40068872,1999-12-11,2002-02-08,NULL,1,42051536,1
2,Mersey,Kuzma,28076233,1982-03-17,2013-06-20,NULL,99,22697078,0
1,Revkah,Aucourte,31766237,1983-01-04,2014-01-11,NULL,1,86993416,0
2,Vinny,Mattingley,34512809,1991-11-23,2022-04-05,NULL,1,53302993,0
2,Eimile,Warsop,23679758,1999-03-07,2003-06-20,NULL,0,95430837,0
1,Sam,Towriss,32056306,1977-01-19,2000-12-10,NULL,99,36565072,1
1,Lucian,Dymoke,39624083,1977-11-29,2001-06-13,NULL,0,65853170,0
1,Waylon,Blindmann,24269078,1985-12-29,2010-05-05,NULL,27,89446878,1
2,Bill,McCandless,25134440,1983-09-12,2010-01-01,NULL,27,19969370,0
1,Neal,Pennone,27703477,1989-06-19,2023-05-16,NULL,0,49878084,1
1,Melodee,Milson,36812811,1990-01-10,2014-01-24,NULL,0,76557585,1
1,Danette,Picott,25864279,1991-10-16,2020-02-16,NULL,27,94911360,0
1,Linn,Fray,22215769,1978-06-22,2015-09-14,NULL,1,62236982,0
1,Sosanna,Estcot,35826236,1984-01-24,2018-10-20,NULL,1,99069863,1
2,Linoel,Afield,23002832,1983-08-24,2001-09-27,NULL,27,12898132,0
2,Otha,Linkie,28637435,1998-08-20,2015-12-30,NULL,1,65773281,0
1,Zed,McMeanma,35559808,1975-07-15,2005-06-19,NULL,1,77050126,1
1,Randi,Brant,34628899,1982-08-07,2014-02-28,NULL,0,67628204,1
1,Osmond,Kennea,27971766,1977-10-25,2020-02-06,NULL,0,61823114,1
2,Rosco,Kennermann,40941468,1991-07-01,2002-09-26,NULL,0,32979211,1
1,Nikita,Elijah,33782042,1999-10-08,2011-11-09,NULL,99,29685141,1
1,Aviva,Wilcock,27642607,1993-09-06,2011-12-16,NULL,1,42900748,1
2,Elsinore,Veazey,36353871,1983-03-20,2006-07-31,NULL,27,18880057,0
2,Sabrina,Pennacci,30480590,1993-04-25,2012-03-03,NULL,0,39836617,0
1,Agnola,Conner,29505839,1988-09-08,2012-05-02,NULL,27,43072805,0
1,Davis,Wison,24523957,1983-09-10,2020-09-12,NULL,0,62714516,0
2,Serene,Ridgeway,34325576,1975-01-13,2009-10-16,NULL,99,38426306,1
2,Dion,Abarough,35795486,1979-05-16,2022-11-08,NULL,27,22663608,0
2,Margaux,Getcliff,40935924,1988-08-06,2012-02-03,NULL,27,79788229,0
1,Casi,Trynor,36035665,1975-10-03,2020-06-18,NULL,27,25029543,1
1,Packston,Perford,23415949,1979-08-30,2010-07-26,NULL,0,17450589,0
2,Mallorie,Stoppard,26593270,1994-11-25,2023-05-17,NULL,99,88961223,0
1,Fanechka,Blannin,34567630,1982-04-09,2007-12-20,NULL,1,68006828,1
1,Melinda,Waghorn,22578003,1977-10-30,2012-12-06,NULL,0,83369341,1
2,Cordelia,Pigne,23633294,1990-04-16,2000-08-16,NULL,99,64784762,1
1,Roley,Lukasik,36426213,1981-11-13,2006-08-15,NULL,99,19514579,1
2,Callean,Gossage,25180558,1983-09-02,2012-08-25,NULL,1,40411482,0
1,Stephannie,Gippes,27041213,1981-04-05,2019-11-20,NULL,1,71633677,1
2,Reamonn,Banbridge,26756395,1977-03-18,2000-04-07,NULL,0,18596013,1
2,Sada,Readett,28753505,1975-10-11,2022-09-23,NULL,0,56541752,0
2,Imogen,Cornborough,24204617,1975-06-09,2024-06-14,NULL,1,31741394,0
1,Gustavo,Adamiec,34170598,1975-10-05,2024-03-20,NULL,0,28273291,1
1,Tiffy,Ferrarello,32289772,1990-11-01,2015-04-17,NULL,99,65942543,1
2,Lizbeth,Liddicoat,30215518,1980-03-30,2018-12-24,NULL,0,36371135,1
1,Tine,Greeson,38693154,1993-02-13,2013-11-18,NULL,27,58811388,0
2,Victor,Badsey,31180853,1995-03-17,2003-05-31,NULL,27,47297551,1
1,Karie,Morrow,29127095,1989-05-04,2003-11-19,NULL,27,49779493,0
2,Shandie,Underdown,22685102,1995-01-18,2017-09-05,NULL,99,77447495,0
2,Stavro,Delacour,31033582,1977-12-05,2002-04-11,NULL,0,41564525,1
2,Benjamin,Foucard,35819863,1994-05-15,2003-01-23,NULL,0,30956590,1
2,Belvia,Domokos,39427496,1983-02-05,2003-06-21,NULL,0,87347217,0
2,Braden,Ginnane,29820136,1995-05-08,2011-05-23,NULL,99,65408133,0
1,Sarette,Dener,23072533,1984-08-11,2024-06-19,NULL,27,48676642,1
1,Caresse,Leonard,28741245,1997-02-09,2019-02-28,NULL,0,10748081,1
2,Izzy,Jeffes,38029512,1990-07-04,2008-01-18,NULL,0,90699732,0
1,Essie,Gylle,34563512,1991-07-06,2023-12-20,NULL,0,88392629,1
1,Emmy,Dobeson,40866447,1982-08-02,2001-11-06,NULL,1,18010938,1
2,Tybalt,Grishin,29217605,1976-03-11,2018-03-30,NULL,27,14673058,1
2,La verne,Truce,22350540,1979-06-16,2010-03-04,NULL,0,67071056,1
2,Esmeralda,Weddell,25260282,1990-02-07,2015-10-01,NULL,99,21038789,1
1,Lynett,Watchorn,26756418,1988-01-27,2015-01-28,NULL,27,36356425,1
2,Lucias,Flowitt,39051665,1989-12-10,2017-07-18,NULL,1,28550005,0
2,Goldarina,Burn,37878709,1985-10-09,2024-09-30,NULL,0,35946391,1
1,Jacky,Desquesnes,34935364,1976-09-29,2023-01-21,NULL,0,97279432,0
1,Marco,Lusgdin,23053435,1993-01-09,2019-10-17,NULL,27,58776430,1
1,Antonie,Jakeway,40223128,1983-08-01,2013-08-18,NULL,27,86304501,0
1,Balduin,Burnell,32995220,1981-02-17,2023-08-05,NULL,99,21625359,1
2,Celia,Rudeforth,26678543,1997-04-13,2004-03-26,NULL,99,22332901,0
2,Jammal,Pregal,30849978,1988-08-04,2020-12-16,NULL,99,79332683,1
2,Lesly,Gratton,38075448,1982-04-08,2020-01-03,NULL,0,43794814,0
2,Roshelle,Martineau,26191950,1989-01-26,2001-11-13,NULL,99,32550912,0
1,Curry,Inglefield,24292166,1982-11-16,2000-11-22,NULL,99,92350854,0
1,Kariotta,Tomas,26555106,1984-09-03,2013-07-12,NULL,1,84671623,0
1,Tristan,Rosenshine,30170135,1979-08-03,2018-02-18,NULL,0,74618188,1
1,Correy,Larvent,31389632,1988-06-24,2015-07-05,NULL,0,47104001,0
2,Court,Grandham,23643131,1996-07-28,2017-02-11,NULL,27,30999859,1
2,Avigdor,Mallett,34186982,1989-04-24,2023-06-25,NULL,1,40153743,0
2,Rand,Sparshatt,22598420,1988-06-23,2020-09-16,NULL,27,93468367,1
1,Myra,Aubrey,34760508,1996-02-01,2011-02-22,NULL,0,99089246,0
2,Cyril,Gauthorpp,27304958,1984-01-14,2010-08-03,NULL,99,92320530,0
1,Teodorico,Tattersdill,39087503,1982-04-17,2012-09-02,NULL,1,75121312,0
2,Aylmer,Kynston,31607923,1988-07-11,2004-04-18,NULL,0,62580617,0
1,Willie,Irlam,22263717,1990-09-06,2003-10-26,NULL,99,68220057,0
2,Ximenes,de Broke,27949939,1994-01-29,2010-03-07,NULL,27,86990286,0
1,Lynelle,Kynston,37509172,1987-04-07,2015-02-13,NULL,99,73685708,0
2,Lettie,Grummitt,24387147,1984-01-27,2016-04-28,NULL,27,48973749,1
1,Lyell,Ivashin,33451531,1990-03-20,2024-08-04,NULL,27,42159571,0
1,Jerome,Berkeley,23305223,1978-08-07,2001-10-27,NULL,27,75563801,0
